agent,trial,n_requests,n_nav,n_sub,nav_order_unique_ratio,nav_order_stability,n_unique_nav_hashes,n_headers_mean,n_headers_std,sf_site_none_rate,sf_violation_rate,sf_site_mode,headless_rate,ch_incoherence_rate,ch_brand_matches_rate,ch_mobile_matches_rate,ch_platform_matches_rate,ch_brand_count_mode,accept_lang_rate,has_priority_rate,has_sec_ch_ua_rate,has_upgrade_ins_rate,has_dnt_rate,has_te_rate,has_connection_rate,has_cache_control_rate,ua_family_mode,ua_os_mode,ua_version_mode,ua_version_n_distinct,ua_family_n_distinct,priority_correct_rate,priority_urgency_mode,has_nonstandard_rate,nonstandard_names,n_nonstandard_distinct
autogen_websurfer,trial-001,8,7,1,1.0,0.14285714285714285,7,12.25,0.7071067811865476,0.5,0.0,none,1.0,1.0,1.0,1.0,1.0,3,0.0,1.0,1.0,0.875,0.0,0.0,0.0,0.0,edge,windows,122,1,1,1.0,0.0,0.0,,0
autogen_websurfer,trial-002,10,5,1,1.0,0.2,5,12.0,0.4714045207910317,0.4,0.4,,0.6,0.6,1.0,1.0,1.0,3,0.4,0.6,0.6,0.5,0.0,0.0,0.0,0.4,edge,windows,122,1,2,1.0,0.0,0.4,Cdn-Loop|Cf-Ew-Via|Cf-Ray|Cf-Visitor|Cf-Worker|Pragma|X-Forwarded-Proto,7
autogen_websurfer,trial-003,31,7,2,1.0,0.14285714285714285,7,6.612903225806452,3.2008063500190977,0.22580645161290322,0.7419354838709677,,0.25806451612903225,0.25806451612903225,1.0,1.0,1.0,0,0.6774193548387096,0.25806451612903225,0.25806451612903225,0.22580645161290322,0.0,0.0,0.6774193548387096,0.0,chrome,windows,78,4,3,1.0,0.0,0.6451612903225806,Keep-Alive,1
autogen_websurfer,trial-004,10,7,3,1.0,0.14285714285714285,7,12.0,0.4714045207910317,0.7,0.0,none,0.7,1.0,1.0,1.0,0.7,3,0.3,1.0,1.0,0.7,0.0,0.0,0.0,0.0,edge,windows,122,2,2,0.9,0.0,0.0,,0
autogen_websurfer,trial-005,9,6,1,1.0,0.16666666666666666,6,11.88888888888889,0.33333333333333337,0.6666666666666666,0.2222222222222222,none,0.7777777777777778,0.7777777777777778,1.0,1.0,1.0,3,0.2222222222222222,0.7777777777777778,0.7777777777777778,0.6666666666666666,0.0,0.0,0.0,0.2222222222222222,edge,windows,122,1,2,1.0,0.0,0.2222222222222222,Cdn-Loop|Cf-Ew-Via|Cf-Ray|Cf-Visitor|Cf-Worker|Pragma|X-Forwarded-Proto,7
autogen_websurfer,trial-006,8,7,1,1.0,0.14285714285714285,7,11.875,0.3535533905932738,0.875,0.0,none,1.0,1.0,1.0,1.0,1.0,3,0.0,1.0,1.0,0.875,0.0,0.0,0.0,0.0,edge,windows,122,1,1,1.0,0.0,0.0,,0
autogen_websurfer,trial-007,24,7,1,1.0,0.14285714285714285,7,8.458333333333334,3.550617419262602,0.2916666666666667,0.6666666666666666,,0.3333333333333333,0.3333333333333333,1.0,1.0,1.0,0,0.5833333333333334,0.3333333333333333,0.3333333333333333,0.2916666666666667,0.0,0.0,0.5,0.16666666666666666,chrome,windows,78,3,3,1.0,0.0,0.5833333333333334,Cdn-Loop|Cf-Ew-Via|Cf-Ray|Cf-Visitor|Cf-Worker|Keep-Alive|Pragma|X-Forwarded-Proto,8
autogen_websurfer,trial-008,12,7,1,1.0,0.14285714285714285,7,10.416666666666666,3.4761089357690347,0.5833333333333334,0.3333333333333333,none,0.6666666666666666,0.6666666666666666,1.0,1.0,1.0,3,0.16666666666666666,0.6666666666666666,0.6666666666666666,0.5833333333333334,0.0,0.0,0.0,0.16666666666666666,edge,windows,122,1,2,1.0,0.0,0.16666666666666666,Cdn-Loop|Cf-Ew-Via|Cf-Ray|Cf-Visitor|Cf-Worker|Pragma|X-Forwarded-Proto,7
autogen_websurfer,trial-009,8,7,1,1.0,0.14285714285714285,7,11.875,0.3535533905932738,0.875,0.0,none,1.0,1.0,1.0,1.0,1.0,3,0.0,1.0,1.0,0.875,0.0,0.0,0.0,0.0,edge,windows,122,1,1,1.0,0.0,0.0,,0
autogen_websurfer,trial-010,14,6,1,1.0,0.16666666666666666,6,10.285714285714286,3.291681156364455,0.42857142857142855,0.5,,0.5,0.5,1.0,1.0,1.0,0,0.2857142857142857,0.5,0.5,0.42857142857142855,0.0,0.0,0.14285714285714285,0.2857142857142857,edge,windows,122,3,3,1.0,0.0,0.2857142857142857,Cdn-Loop|Cf-Ew-Via|Cf-Ray|Cf-Visitor|Cf-Worker|Pragma|X-Forwarded-Proto,7
autogen_websurfer,trial-011,7,6,1,1.0,0.16666666666666666,6,11.857142857142858,0.3779644730092272,0.8571428571428571,0.0,none,1.0,1.0,1.0,1.0,1.0,3,0.0,1.0,1.0,0.8571428571428571,0.0,0.0,0.0,0.0,edge,windows,122,1,1,1.0,0.0,0.0,,0
autogen_websurfer,trial-012,11,7,2,1.0,0.14285714285714285,7,9.545454545454545,4.227614844416089,0.5454545454545454,0.2727272727272727,none,0.7272727272727273,0.7272727272727273,1.0,1.0,1.0,3,0.0,0.7272727272727273,0.7272727272727273,0.6363636363636364,0.0,0.0,0.09090909090909091,0.0,edge,windows,122,1,2,1.0,0.0,0.0,,0
autogen_websurfer,trial-013,10,7,1,1.0,0.14285714285714285,7,11.8,1.1352924243950933,0.4,0.2,none,0.8,1.0,1.0,0.8,1.0,3,0.2,0.8,0.8,0.9,0.0,0.0,0.2,0.2,edge,windows,122,2,2,1.0,0.0,0.2,Pragma,1
autogen_websurfer,trial-014,8,7,1,1.0,0.14285714285714285,7,12.0,0.5345224838248488,0.75,0.0,none,1.0,1.0,1.0,1.0,1.0,3,0.0,1.0,1.0,0.875,0.0,0.0,0.0,0.0,edge,windows,122,1,1,1.0,0.0,0.0,,0
autogen_websurfer,trial-015,2,1,1,1.0,1.0,1,11.5,0.7071067811865476,0.5,0.0,none,1.0,1.0,1.0,1.0,1.0,3,0.0,1.0,1.0,0.5,0.0,0.0,0.0,0.0,edge,windows,122,1,1,1.0,0.0,0.0,,0
autogen_websurfer,trial-016,9,7,1,1.0,0.14285714285714285,7,11.777777777777779,0.8333333333333333,0.6666666666666666,0.1111111111111111,none,0.8888888888888888,1.0,1.0,0.8888888888888888,1.0,3,0.1111111111111111,0.8888888888888888,0.8888888888888888,0.8888888888888888,0.0,0.0,0.1111111111111111,0.1111111111111111,edge,windows,122,2,2,1.0,0.0,0.1111111111111111,Pragma,1
autogen_websurfer,trial-017,9,7,1,1.0,0.14285714285714285,7,10.777777777777779,3.7006005518624194,0.6666666666666666,0.1111111111111111,none,0.8888888888888888,0.8888888888888888,1.0,1.0,1.0,3,0.0,0.8888888888888888,0.8888888888888888,0.7777777777777778,0.0,0.0,0.0,0.0,edge,windows,122,1,2,1.0,0.0,0.0,,0
autogen_websurfer,trial-018,8,6,1,1.0,0.16666666666666666,6,12.0,0.5345224838248488,0.625,0.125,none,0.875,0.875,1.0,1.0,1.0,3,0.125,0.875,0.875,0.75,0.0,0.0,0.0,0.125,edge,windows,122,1,2,1.0,0.0,0.125,Cdn-Loop|Cf-Ew-Via|Cf-Ray|Cf-Visitor|Cf-Worker|Pragma|X-Forwarded-Proto,7
autogen_websurfer,trial-019,10,7,1,1.0,0.14285714285714285,7,10.0,4.268749491621899,0.6,0.2,none,0.8,0.8,1.0,1.0,1.0,3,0.0,0.8,0.8,0.7,0.0,0.0,0.1,0.0,edge,windows,122,2,2,1.0,0.0,0.0,,0
autogen_websurfer,trial-020,12,7,3,1.0,0.14285714285714285,7,9.166666666666666,4.302923600896432,0.5,0.3333333333333333,none,0.6666666666666666,0.6666666666666666,1.0,1.0,1.0,3,0.25,0.6666666666666666,0.6666666666666666,0.5833333333333334,0.0,0.0,0.0,0.0,edge,windows,122,2,3,1.0,0.0,0.25,Accept-Charset,1
autogen_websurfer,trial-021,12,7,2,1.0,0.14285714285714285,7,8.916666666666666,4.378840305862092,0.5833333333333334,0.3333333333333333,none,0.6666666666666666,0.6666666666666666,1.0,1.0,1.0,3,0.0,0.6666666666666666,0.6666666666666666,0.5833333333333334,0.0,0.0,0.16666666666666666,0.0,edge,windows,122,1,2,1.0,0.0,0.0,,0
autogen_websurfer,trial-022,13,7,2,1.0,0.14285714285714285,7,8.846153846153847,4.058861783106067,0.5384615384615384,0.38461538461538464,none,0.6153846153846154,0.7692307692307693,1.0,0.8461538461538461,1.0,3,0.07692307692307693,0.6153846153846154,0.6153846153846154,0.6153846153846154,0.0,0.0,0.23076923076923078,0.0,edge,windows,122,3,4,1.0,0.0,0.15384615384615385,Accept-Charset,1
autogen_websurfer,trial-023,10,7,1,1.0,0.14285714285714285,7,11.0,2.8284271247461903,0.7,0.2,none,0.8,0.8,1.0,1.0,1.0,3,0.1,0.8,0.8,0.7,0.0,0.0,0.0,0.1,edge,windows,122,2,3,1.0,0.0,0.1,Cdn-Loop|Cf-Ew-Via|Cf-Ray|Cf-Visitor|Cf-Worker|Pragma|X-Forwarded-Proto,7
autogen_websurfer,trial-024,8,7,1,1.0,0.14285714285714285,7,11.875,0.3535533905932738,0.875,0.0,none,1.0,1.0,1.0,1.0,1.0,3,0.0,1.0,1.0,0.875,0.0,0.0,0.0,0.0,edge,windows,122,1,1,1.0,0.0,0.0,,0
autogen_websurfer,trial-025,9,7,1,1.0,0.14285714285714285,7,10.88888888888889,2.976761849915292,0.7777777777777778,0.1111111111111111,none,0.8888888888888888,0.8888888888888888,1.0,1.0,1.0,3,0.0,0.8888888888888888,0.8888888888888888,0.7777777777777778,0.0,0.0,0.0,0.0,edge,windows,122,2,2,1.0,0.0,0.0,,0
autogen_websurfer,trial-026,8,6,1,1.0,0.16666666666666666,6,10.75,3.1509635714446826,0.75,0.125,none,0.875,0.875,1.0,1.0,1.0,3,0.0,0.875,0.875,0.75,0.0,0.0,0.0,0.0,edge,windows,122,1,2,1.0,0.0,0.0,,0
autogen_websurfer,trial-027,8,7,1,1.0,0.14285714285714285,7,11.875,0.3535533905932738,0.875,0.0,none,1.0,1.0,1.0,1.0,1.0,3,0.0,1.0,1.0,0.875,0.0,0.0,0.0,0.0,edge,windows,122,1,1,1.0,0.0,0.0,,0
autogen_websurfer,trial-028,9,7,1,1.0,0.14285714285714285,7,11.0,2.6457513110645907,0.7777777777777778,0.1111111111111111,none,0.8888888888888888,0.8888888888888888,1.0,1.0,1.0,3,0.0,0.8888888888888888,0.8888888888888888,0.7777777777777778,0.0,0.0,0.1111111111111111,0.0,edge,windows,122,2,2,1.0,0.0,0.0,,0
autogen_websurfer,trial-029,11,7,1,1.0,0.14285714285714285,7,10.181818181818182,3.628172592867705,0.5454545454545454,0.2727272727272727,none,0.7272727272727273,0.8181818181818182,1.0,0.9090909090909091,1.0,3,0.09090909090909091,0.7272727272727273,0.7272727272727273,0.7272727272727273,0.0,0.0,0.09090909090909091,0.09090909090909091,edge,windows,122,2,3,1.0,0.0,0.09090909090909091,Pragma,1
autogen_websurfer,trial-030,8,7,1,1.0,0.14285714285714285,7,11.875,0.3535533905932738,0.875,0.0,none,1.0,1.0,1.0,1.0,1.0,3,0.0,1.0,1.0,0.875,0.0,0.0,0.0,0.0,edge,windows,122,1,1,1.0,0.0,0.0,,0
browser_use,trial-001,11,7,2,1.0,0.14285714285714285,7,10.363636363636363,3.640679257301507,0.6363636363636364,0.8181818181818182,none,0.0,0.0,1.0,1.0,1.0,2,0.8181818181818182,0.8181818181818182,0.8181818181818182,0.6363636363636364,0.0,0.0,0.0,0.0,headless-chrome,linux,128,1,2,0.8888888888888888,0.0,0.0,,0
browser_use,trial-002,16,7,4,1.0,0.14285714285714285,7,10.4375,3.3856314034460397,0.4375,0.875,,0.0,0.0,1.0,1.0,1.0,2,0.8125,0.5625,0.5625,0.4375,0.0,0.0,0.0625,0.25,headless-chrome,linux,128,2,3,0.8888888888888888,0.0,0.25,Cdn-Loop|Cf-Ew-Via|Cf-Ray|Cf-Visitor|Cf-Worker|Pragma|X-Forwarded-Proto,7
browser_use,trial-003,9,7,2,1.0,0.14285714285714285,7,12.0,0.0,0.7777777777777778,0.7777777777777778,none,0.0,0.0,1.0,1.0,1.0,2,1.0,1.0,1.0,0.7777777777777778,0.0,0.0,0.0,0.0,headless-chrome,linux,128,1,1,0.8888888888888888,0.0,0.0,,0
browser_use,trial-004,9,7,2,1.0,0.14285714285714285,7,12.0,0.0,0.7777777777777778,0.7777777777777778,none,0.0,0.0,1.0,1.0,1.0,2,1.0,1.0,1.0,0.7777777777777778,0.0,0.0,0.0,0.0,headless-chrome,linux,128,1,1,0.8888888888888888,0.0,0.0,,0
browser_use,trial-005,9,7,2,1.0,0.14285714285714285,7,12.0,0.0,0.7777777777777778,0.7777777777777778,none,0.0,0.0,1.0,1.0,1.0,2,1.0,1.0,1.0,0.7777777777777778,0.0,0.0,0.0,0.0,headless-chrome,linux,128,1,1,0.8888888888888888,0.0,0.0,,0
browser_use,trial-006,10,7,2,1.0,0.14285714285714285,7,12.0,0.0,0.7,0.8,none,0.0,0.0,1.0,1.0,1.0,2,1.0,0.9,0.9,0.7,0.0,0.0,0.0,0.1,headless-chrome,linux,128,1,2,0.8888888888888888,0.0,0.1,Cdn-Loop|Cf-Ew-Via|Cf-Ray|Cf-Visitor|Cf-Worker|Pragma|X-Forwarded-Proto,7
browser_use,trial-007,17,7,2,1.0,0.14285714285714285,7,11.294117647058824,1.992633492465214,0.4117647058823529,0.8823529411764706,,0.0,0.11764705882352941,1.0,0.8823529411764706,1.0,2,0.9411764705882353,0.5294117647058824,0.5294117647058824,0.5294117647058824,0.0,0.0,0.11764705882352941,0.4117647058823529,headless-chrome,linux,128,4,4,0.8888888888888888,0.0,0.4117647058823529,Cdn-Loop|Cf-Ew-Via|Cf-Ray|Cf-Visitor|Cf-Worker|Pragma|X-Forwarded-Proto,7
browser_use,trial-008,9,7,2,1.0,0.14285714285714285,7,12.0,0.0,0.7777777777777778,0.7777777777777778,none,0.0,0.0,1.0,1.0,1.0,2,1.0,1.0,1.0,0.7777777777777778,0.0,0.0,0.0,0.0,headless-chrome,linux,128,1,1,0.8888888888888888,0.0,0.0,,0
browser_use,trial-009,12,7,2,1.0,0.14285714285714285,7,12.0,0.0,0.5833333333333334,0.8333333333333334,none,0.0,0.0,1.0,1.0,1.0,2,1.0,0.75,0.75,0.5833333333333334,0.0,0.0,0.0,0.25,headless-chrome,linux,128,1,2,0.8888888888888888,0.0,0.25,Cdn-Loop|Cf-Ew-Via|Cf-Ray|Cf-Visitor|Cf-Worker|Pragma|X-Forwarded-Proto,7
browser_use,trial-010,9,7,2,1.0,0.14285714285714285,7,12.0,0.0,0.7777777777777778,0.7777777777777778,none,0.0,0.0,1.0,1.0,1.0,2,1.0,1.0,1.0,0.7777777777777778,0.0,0.0,0.0,0.0,headless-chrome,linux,128,1,1,0.8888888888888888,0.0,0.0,,0
browser_use,trial-011,85,7,4,1.0,0.14285714285714285,7,1.5294117647058822,3.7339760351148974,0.08235294117647059,0.9764705882352941,,0.0,0.0,1.0,1.0,1.0,0,0.11764705882352941,0.10588235294117647,0.10588235294117647,0.08235294117647059,0.0,0.0,0.058823529411764705,0.0,other,other,147,3,6,0.8888888888888888,0.0,0.011764705882352941,Accept-Charset,1
browser_use,trial-012,9,7,2,1.0,0.14285714285714285,7,12.0,0.0,0.7777777777777778,0.7777777777777778,none,0.0,0.0,1.0,1.0,1.0,2,1.0,1.0,1.0,0.7777777777777778,0.0,0.0,0.0,0.0,headless-chrome,linux,147,1,1,0.8888888888888888,0.0,0.0,,0
browser_use,trial-013,12,7,3,1.0,0.14285714285714285,7,9.75,4.070403151799809,0.5833333333333334,0.8333333333333334,none,0.0,0.0,1.0,1.0,1.0,2,0.75,0.75,0.75,0.5833333333333334,0.0,0.0,0.25,0.0,headless-chrome,linux,147,3,2,0.8888888888888888,0.0,0.0,,0
browser_use,trial-014,10,7,2,1.0,0.14285714285714285,7,11.1,2.8460498941515415,0.7,0.8,none,0.0,0.1,1.0,0.9,1.0,2,0.9,0.9,0.9,0.7,0.0,0.0,0.1,0.0,headless-chrome,linux,147,2,2,0.8888888888888888,0.0,0.0,,0
browser_use,trial-015,9,7,2,1.0,0.14285714285714285,7,12.0,0.0,0.7777777777777778,0.7777777777777778,none,0.0,0.0,1.0,1.0,1.0,2,1.0,1.0,1.0,0.7777777777777778,0.0,0.0,0.0,0.0,headless-chrome,linux,147,1,1,0.8888888888888888,0.0,0.0,,0
browser_use,trial-016,9,7,2,1.0,0.14285714285714285,7,12.0,0.0,0.7777777777777778,0.7777777777777778,none,0.0,0.0,1.0,1.0,1.0,2,1.0,1.0,1.0,0.7777777777777778,0.0,0.0,0.0,0.0,headless-chrome,linux,147,1,1,0.8888888888888888,0.0,0.0,,0
browser_use,trial-017,9,7,2,1.0,0.14285714285714285,7,12.0,0.0,0.7777777777777778,0.7777777777777778,none,0.0,0.0,1.0,1.0,1.0,2,1.0,1.0,1.0,0.7777777777777778,0.0,0.0,0.0,0.0,headless-chrome,linux,147,1,1,0.8888888888888888,0.0,0.0,,0
browser_use,trial-018,9,7,2,1.0,0.14285714285714285,7,12.0,0.0,0.7777777777777778,0.7777777777777778,none,0.0,0.0,1.0,1.0,1.0,2,1.0,1.0,1.0,0.7777777777777778,0.0,0.0,0.0,0.0,headless-chrome,linux,147,1,1,0.8888888888888888,0.0,0.0,,0
browser_use,trial-019,9,7,2,1.0,0.14285714285714285,7,12.0,0.0,0.7777777777777778,0.7777777777777778,none,0.0,0.0,1.0,1.0,1.0,2,1.0,1.0,1.0,0.7777777777777778,0.0,0.0,0.0,0.0,headless-chrome,linux,147,1,1,0.8888888888888888,0.0,0.0,,0
browser_use,trial-020,10,7,2,1.0,0.14285714285714285,7,11.8,0.6324555320336758,0.7,0.8,none,0.0,0.1,1.0,0.9,1.0,2,1.0,0.9,0.9,0.8,0.0,0.0,0.1,0.1,headless-chrome,linux,147,2,2,0.8888888888888888,0.0,0.1,Pragma,1
browser_use,trial-021,9,7,2,1.0,0.14285714285714285,7,12.0,0.0,0.7777777777777778,0.7777777777777778,none,0.0,0.0,1.0,1.0,1.0,2,1.0,1.0,1.0,0.7777777777777778,0.0,0.0,0.0,0.0,headless-chrome,linux,147,1,1,0.8888888888888888,0.0,0.0,,0
browser_use,trial-022,9,7,2,1.0,0.14285714285714285,7,12.0,0.0,0.7777777777777778,0.7777777777777778,none,0.0,0.0,1.0,1.0,1.0,2,1.0,1.0,1.0,0.7777777777777778,0.0,0.0,0.0,0.0,headless-chrome,linux,147,1,1,0.8888888888888888,0.0,0.0,,0
browser_use,trial-023,9,7,2,1.0,0.14285714285714285,7,12.0,0.0,0.7777777777777778,0.7777777777777778,none,0.0,0.0,1.0,1.0,1.0,2,1.0,1.0,1.0,0.7777777777777778,0.0,0.0,0.0,0.0,headless-chrome,linux,147,1,1,0.8888888888888888,0.0,0.0,,0
browser_use,trial-024,9,7,2,1.0,0.14285714285714285,7,12.0,0.0,0.7777777777777778,0.7777777777777778,none,0.0,0.0,1.0,1.0,1.0,2,1.0,1.0,1.0,0.7777777777777778,0.0,0.0,0.0,0.0,headless-chrome,linux,147,1,1,0.8888888888888888,0.0,0.0,,0
browser_use,trial-025,9,7,2,1.0,0.14285714285714285,7,12.0,0.0,0.7777777777777778,0.7777777777777778,none,0.0,0.0,1.0,1.0,1.0,2,1.0,1.0,1.0,0.7777777777777778,0.0,0.0,0.0,0.0,headless-chrome,linux,147,1,1,0.8888888888888888,0.0,0.0,,0
browser_use,trial-026,10,7,2,1.0,0.14285714285714285,7,11.2,2.5298221281347035,0.7,0.8,none,0.0,0.0,1.0,1.0,1.0,2,0.9,0.9,0.9,0.7,0.0,0.0,0.0,0.0,headless-chrome,linux,147,2,2,0.8888888888888888,0.0,0.0,,0
browser_use,trial-027,9,7,2,1.0,0.14285714285714285,7,12.0,0.0,0.7777777777777778,0.7777777777777778,none,0.0,0.0,1.0,1.0,1.0,2,1.0,1.0,1.0,0.7777777777777778,0.0,0.0,0.0,0.0,headless-chrome,linux,147,1,1,0.8888888888888888,0.0,0.0,,0
browser_use,trial-028,10,7,2,1.0,0.14285714285714285,7,11.6,1.2649110640673518,0.7,0.8,none,0.0,0.0,1.0,1.0,1.0,2,1.0,0.9,0.9,0.7,0.0,0.0,0.1,0.0,headless-chrome,linux,147,2,2,0.8888888888888888,0.0,0.1,X-Requested-With,1
browser_use,trial-029,11,7,2,1.0,0.14285714285714285,7,11.818181818181818,0.6030226891555273,0.6363636363636364,0.8181818181818182,none,0.0,0.09090909090909091,1.0,0.9090909090909091,1.0,2,1.0,0.8181818181818182,0.8181818181818182,0.7272727272727273,0.0,0.0,0.09090909090909091,0.18181818181818182,headless-chrome,linux,147,2,3,0.8888888888888888,0.0,0.18181818181818182,Cdn-Loop|Cf-Ew-Via|Cf-Ray|Cf-Visitor|Cf-Worker|Pragma|X-Forwarded-Proto,7
browser_use,trial-030,9,7,2,1.0,0.14285714285714285,7,12.0,0.0,0.7777777777777778,0.7777777777777778,none,0.0,0.0,1.0,1.0,1.0,2,1.0,1.0,1.0,0.7777777777777778,0.0,0.0,0.0,0.0,headless-chrome,linux,147,1,1,0.8888888888888888,0.0,0.0,,0
claude_computer_use,trial-001,8,7,1,1.0,0.14285714285714285,7,11.875,0.3535533905932738,0.875,0.0,none,1.0,0.0,1.0,1.0,1.0,3,0.0,1.0,1.0,0.875,0.0,0.0,0.0,0.0,headless-chrome,linux,147,1,1,1.0,0.0,0.0,,0
claude_computer_use,trial-002,8,7,1,1.0,0.14285714285714285,7,11.875,0.3535533905932738,0.875,0.0,none,1.0,0.0,1.0,1.0,1.0,3,0.0,1.0,1.0,0.875,0.0,0.0,0.0,0.0,headless-chrome,linux,147,1,1,1.0,0.0,0.0,,0
claude_computer_use,trial-003,9,7,1,1.0,0.14285714285714285,7,11.88888888888889,0.33333333333333337,0.7777777777777778,0.1111111111111111,none,0.8888888888888888,0.0,1.0,1.0,1.0,3,0.1111111111111111,0.8888888888888888,0.8888888888888888,0.7777777777777778,0.0,0.0,0.0,0.1111111111111111,headless-chrome,linux,147,1,2,1.0,0.0,0.1111111111111111,Cdn-Loop|Cf-Ew-Via|Cf-Ray|Cf-Visitor|Cf-Worker|Pragma|X-Forwarded-Proto,7
claude_computer_use,trial-004,8,7,1,1.0,0.14285714285714285,7,11.875,0.3535533905932738,0.875,0.0,none,1.0,0.0,1.0,1.0,1.0,3,0.0,1.0,1.0,0.875,0.0,0.0,0.0,0.0,headless-chrome,linux,147,1,1,1.0,0.0,0.0,,0
claude_computer_use,trial-005,8,7,1,1.0,0.14285714285714285,7,11.875,0.3535533905932738,0.875,0.0,none,1.0,0.0,1.0,1.0,1.0,3,0.0,1.0,1.0,0.875,0.0,0.0,0.0,0.0,headless-chrome,linux,147,1,1,1.0,0.0,0.0,,0
claude_computer_use,trial-006,8,7,1,1.0,0.14285714285714285,7,11.875,0.3535533905932738,0.875,0.0,none,1.0,0.0,1.0,1.0,1.0,3,0.0,1.0,1.0,0.875,0.0,0.0,0.0,0.0,headless-chrome,linux,147,1,1,1.0,0.0,0.0,,0
claude_computer_use,trial-007,8,7,1,1.0,0.14285714285714285,7,11.875,0.3535533905932738,0.875,0.0,none,1.0,0.0,1.0,1.0,1.0,3,0.0,1.0,1.0,0.875,0.0,0.0,0.0,0.0,headless-chrome,linux,147,1,1,1.0,0.0,0.0,,0
claude_computer_use,trial-008,8,7,1,1.0,0.14285714285714285,7,11.875,0.3535533905932738,0.875,0.0,none,1.0,0.0,1.0,1.0,1.0,3,0.0,1.0,1.0,0.875,0.0,0.0,0.0,0.0,headless-chrome,linux,147,1,1,1.0,0.0,0.0,,0
claude_computer_use,trial-009,9,7,1,1.0,0.14285714285714285,7,11.11111111111111,2.315407331574968,0.7777777777777778,0.1111111111111111,none,0.8888888888888888,0.0,1.0,1.0,1.0,3,0.1111111111111111,0.8888888888888888,0.8888888888888888,0.7777777777777778,0.0,0.0,0.1111111111111111,0.0,headless-chrome,linux,147,2,2,1.0,0.0,0.0,,0
claude_computer_use,trial-010,8,7,1,1.0,0.14285714285714285,7,11.875,0.3535533905932738,0.875,0.0,none,1.0,0.0,1.0,1.0,1.0,3,0.0,1.0,1.0,0.875,0.0,0.0,0.0,0.0,headless-chrome,linux,147,1,1,1.0,0.0,0.0,,0
claude_computer_use,trial-011,8,7,1,1.0,0.14285714285714285,7,11.875,0.3535533905932738,0.875,0.0,none,1.0,0.0,1.0,1.0,1.0,3,0.0,1.0,1.0,0.875,0.0,0.0,0.0,0.0,headless-chrome,linux,147,1,1,1.0,0.0,0.0,,0
claude_computer_use,trial-012,8,7,1,1.0,0.14285714285714285,7,11.875,0.3535533905932738,0.875,0.0,none,1.0,0.0,1.0,1.0,1.0,3,0.0,1.0,1.0,0.875,0.0,0.0,0.0,0.0,headless-chrome,linux,147,1,1,1.0,0.0,0.0,,0
claude_computer_use,trial-013,8,7,1,1.0,0.14285714285714285,7,11.875,0.3535533905932738,0.875,0.0,none,1.0,0.0,1.0,1.0,1.0,3,0.0,1.0,1.0,0.875,0.0,0.0,0.0,0.0,headless-chrome,linux,147,1,1,1.0,0.0,0.0,,0
claude_computer_use,trial-014,9,7,1,1.0,0.14285714285714285,7,11.666666666666666,0.7071067811865476,0.7777777777777778,0.1111111111111111,none,0.8888888888888888,0.1111111111111111,1.0,0.8888888888888888,1.0,3,0.1111111111111111,0.8888888888888888,0.8888888888888888,0.8888888888888888,0.0,0.0,0.1111111111111111,0.1111111111111111,headless-chrome,linux,147,2,2,1.0,0.0,0.1111111111111111,Pragma,1
claude_computer_use,trial-015,8,7,1,1.0,0.14285714285714285,7,11.875,0.3535533905932738,0.875,0.0,none,1.0,0.0,1.0,1.0,1.0,3,0.0,1.0,1.0,0.875,0.0,0.0,0.0,0.0,headless-chrome,linux,147,1,1,1.0,0.0,0.0,,0
claude_computer_use,trial-016,8,7,1,1.0,0.14285714285714285,7,11.875,0.3535533905932738,0.875,0.0,none,1.0,0.0,1.0,1.0,1.0,3,0.0,1.0,1.0,0.875,0.0,0.0,0.0,0.0,headless-chrome,linux,147,1,1,1.0,0.0,0.0,,0
claude_computer_use,trial-017,8,7,1,1.0,0.14285714285714285,7,11.875,0.3535533905932738,0.875,0.0,none,1.0,0.0,1.0,1.0,1.0,3,0.0,1.0,1.0,0.875,0.0,0.0,0.0,0.0,headless-chrome,linux,147,1,1,1.0,0.0,0.0,,0
claude_computer_use,trial-018,8,7,1,1.0,0.14285714285714285,7,11.875,0.3535533905932738,0.875,0.0,none,1.0,0.0,1.0,1.0,1.0,3,0.0,1.0,1.0,0.875,0.0,0.0,0.0,0.0,headless-chrome,linux,147,1,1,1.0,0.0,0.0,,0
claude_computer_use,trial-019,8,7,1,1.0,0.14285714285714285,7,11.875,0.3535533905932738,0.875,0.0,none,1.0,0.0,1.0,1.0,1.0,3,0.0,1.0,1.0,0.875,0.0,0.0,0.0,0.0,headless-chrome,linux,147,1,1,1.0,0.0,0.0,,0
claude_computer_use,trial-020,8,7,1,1.0,0.14285714285714285,7,11.875,0.3535533905932738,0.875,0.0,none,1.0,0.0,1.0,1.0,1.0,3,0.0,1.0,1.0,0.875,0.0,0.0,0.0,0.0,headless-chrome,linux,147,1,1,1.0,0.0,0.0,,0
claude_computer_use,trial-021,9,7,1,1.0,0.14285714285714285,7,11.222222222222221,1.986062547968831,0.7777777777777778,0.1111111111111111,none,0.8888888888888888,0.0,1.0,1.0,1.0,3,0.0,0.8888888888888888,0.8888888888888888,0.7777777777777778,0.0,0.0,0.0,0.1111111111111111,headless-chrome,linux,147,2,2,1.0,0.0,0.1111111111111111,X-Envoy-Expected-Rq-Timeout-Ms|X-Request-Id,2
claude_computer_use,trial-022,8,7,1,1.0,0.14285714285714285,7,11.875,0.3535533905932738,0.875,0.0,none,1.0,0.0,1.0,1.0,1.0,3,0.0,1.0,1.0,0.875,0.0,0.0,0.0,0.0,headless-chrome,linux,147,1,1,1.0,0.0,0.0,,0
claude_computer_use,trial-023,10,7,1,1.0,0.14285714285714285,7,10.8,2.820559440174157,0.7,0.2,none,0.8,0.1,1.0,0.9,1.0,3,0.1,0.8,0.8,0.8,0.0,0.0,0.1,0.1,headless-chrome,linux,147,3,3,1.0,0.0,0.1,Pragma,1
claude_computer_use,trial-024,8,7,1,1.0,0.14285714285714285,7,11.875,0.3535533905932738,0.875,0.0,none,1.0,0.0,1.0,1.0,1.0,3,0.0,1.0,1.0,0.875,0.0,0.0,0.0,0.0,headless-chrome,linux,147,1,1,1.0,0.0,0.0,,0
claude_computer_use,trial-025,10,7,1,1.0,0.14285714285714285,7,11.4,1.07496769977314,0.7,0.2,none,0.8,0.2,1.0,0.8,1.0,3,0.2,0.8,0.8,0.9,0.0,0.0,0.2,0.2,headless-chrome,linux,147,2,2,1.0,0.0,0.2,Pragma,1
claude_computer_use,trial-026,8,7,1,1.0,0.14285714285714285,7,11.875,0.3535533905932738,0.875,0.0,none,1.0,0.0,1.0,1.0,1.0,3,0.0,1.0,1.0,0.875,0.0,0.0,0.0,0.0,headless-chrome,linux,147,1,1,1.0,0.0,0.0,,0
claude_computer_use,trial-027,8,7,1,1.0,0.14285714285714285,7,11.875,0.3535533905932738,0.875,0.0,none,1.0,0.0,1.0,1.0,1.0,3,0.0,1.0,1.0,0.875,0.0,0.0,0.0,0.0,headless-chrome,linux,147,1,1,1.0,0.0,0.0,,0
claude_computer_use,trial-028,8,7,1,1.0,0.14285714285714285,7,11.875,0.3535533905932738,0.875,0.0,none,1.0,0.0,1.0,1.0,1.0,3,0.0,1.0,1.0,0.875,0.0,0.0,0.0,0.0,headless-chrome,linux,147,1,1,1.0,0.0,0.0,,0
claude_computer_use,trial-029,8,7,1,1.0,0.14285714285714285,7,11.875,0.3535533905932738,0.875,0.0,none,1.0,0.0,1.0,1.0,1.0,3,0.0,1.0,1.0,0.875,0.0,0.0,0.0,0.0,headless-chrome,linux,147,1,1,1.0,0.0,0.0,,0
claude_computer_use,trial-030,8,7,1,1.0,0.14285714285714285,7,11.875,0.3535533905932738,0.875,0.0,none,1.0,0.0,1.0,1.0,1.0,3,0.0,1.0,1.0,0.875,0.0,0.0,0.0,0.0,headless-chrome,linux,147,1,1,1.0,0.0,0.0,,0
gemini_computer_use,trial-001,9,7,1,1.0,0.14285714285714285,7,11.222222222222221,1.986062547968831,0.7777777777777778,0.1111111111111111,none,0.8888888888888888,0.0,1.0,1.0,1.0,3,0.0,0.8888888888888888,0.8888888888888888,0.7777777777777778,0.0,0.0,0.0,0.1111111111111111,headless-chrome,linux,147,2,2,1.0,0.0,0.1111111111111111,X-Envoy-Expected-Rq-Timeout-Ms|X-Request-Id,2
gemini_computer_use,trial-002,8,7,1,1.0,0.14285714285714285,7,11.875,0.3535533905932738,0.875,0.0,none,1.0,0.0,1.0,1.0,1.0,3,0.0,1.0,1.0,0.875,0.0,0.0,0.0,0.0,headless-chrome,linux,147,1,1,1.0,0.0,0.0,,0
gemini_computer_use,trial-003,9,7,1,1.0,0.14285714285714285,7,11.222222222222221,1.986062547968831,0.7777777777777778,0.1111111111111111,none,0.8888888888888888,0.0,1.0,1.0,1.0,3,0.0,0.8888888888888888,0.8888888888888888,0.8888888888888888,0.0,0.0,0.1111111111111111,0.0,headless-chrome,linux,147,1,2,1.0,0.0,0.0,,0
gemini_computer_use,trial-004,8,7,1,1.0,0.14285714285714285,7,11.875,0.3535533905932738,0.875,0.0,none,1.0,0.0,1.0,1.0,1.0,3,0.0,1.0,1.0,0.875,0.0,0.0,0.0,0.0,headless-chrome,linux,147,1,1,1.0,0.0,0.0,,0
gemini_computer_use,trial-005,8,7,1,1.0,0.14285714285714285,7,11.875,0.3535533905932738,0.875,0.0,none,1.0,0.0,1.0,1.0,1.0,3,0.0,1.0,1.0,0.875,0.0,0.0,0.0,0.0,headless-chrome,linux,147,1,1,1.0,0.0,0.0,,0
gemini_computer_use,trial-006,8,7,1,1.0,0.14285714285714285,7,11.875,0.3535533905932738,0.875,0.0,none,1.0,0.0,1.0,1.0,1.0,3,0.0,1.0,1.0,0.875,0.0,0.0,0.0,0.0,headless-chrome,linux,147,1,1,1.0,0.0,0.0,,0
gemini_computer_use,trial-007,8,7,1,1.0,0.14285714285714285,7,11.875,0.3535533905932738,0.875,0.0,none,1.0,0.0,1.0,1.0,1.0,3,0.0,1.0,1.0,0.875,0.0,0.0,0.0,0.0,headless-chrome,linux,147,1,1,1.0,0.0,0.0,,0
gemini_computer_use,trial-008,8,7,1,1.0,0.14285714285714285,7,11.875,0.3535533905932738,0.875,0.0,none,1.0,0.0,1.0,1.0,1.0,3,0.0,1.0,1.0,0.875,0.0,0.0,0.0,0.0,headless-chrome,linux,147,1,1,1.0,0.0,0.0,,0
gemini_computer_use,trial-009,8,7,1,1.0,0.14285714285714285,7,11.875,0.3535533905932738,0.875,0.0,none,1.0,0.0,1.0,1.0,1.0,3,0.0,1.0,1.0,0.875,0.0,0.0,0.0,0.0,headless-chrome,linux,147,1,1,1.0,0.0,0.0,,0
gemini_computer_use,trial-010,8,7,1,1.0,0.14285714285714285,7,11.875,0.3535533905932738,0.875,0.0,none,1.0,0.0,1.0,1.0,1.0,3,0.0,1.0,1.0,0.875,0.0,0.0,0.0,0.0,headless-chrome,linux,147,1,1,1.0,0.0,0.0,,0
gemini_computer_use,trial-011,8,7,1,1.0,0.14285714285714285,7,11.875,0.3535533905932738,0.875,0.0,none,1.0,0.0,1.0,1.0,1.0,3,0.0,1.0,1.0,0.875,0.0,0.0,0.0,0.0,headless-chrome,linux,147,1,1,1.0,0.0,0.0,,0
gemini_computer_use,trial-012,8,7,1,1.0,0.14285714285714285,7,11.875,0.3535533905932738,0.875,0.0,none,1.0,0.0,1.0,1.0,1.0,3,0.0,1.0,1.0,0.875,0.0,0.0,0.0,0.0,headless-chrome,linux,147,1,1,1.0,0.0,0.0,,0
gemini_computer_use,trial-013,8,7,1,1.0,0.14285714285714285,7,11.875,0.3535533905932738,0.875,0.0,none,1.0,0.0,1.0,1.0,1.0,3,0.0,1.0,1.0,0.875,0.0,0.0,0.0,0.0,headless-chrome,linux,147,1,1,1.0,0.0,0.0,,0
gemini_computer_use,trial-014,10,7,1,1.0,0.14285714285714285,7,10.0,3.972125095937662,0.7,0.2,none,0.8,0.0,1.0,1.0,1.0,3,0.0,0.8,0.8,0.7,0.0,0.0,0.0,0.0,headless-chrome,linux,147,1,2,1.0,0.0,0.0,,0
gemini_computer_use,trial-015,9,7,1,1.0,0.14285714285714285,7,11.88888888888889,0.33333333333333337,0.7777777777777778,0.1111111111111111,none,0.8888888888888888,0.0,1.0,1.0,1.0,3,0.1111111111111111,0.8888888888888888,0.8888888888888888,0.7777777777777778,0.0,0.0,0.0,0.1111111111111111,headless-chrome,linux,147,1,2,1.0,0.0,0.1111111111111111,Cdn-Loop|Cf-Ew-Via|Cf-Ray|Cf-Visitor|Cf-Worker|Pragma|X-Forwarded-Proto,7
gemini_computer_use,trial-016,8,7,1,1.0,0.14285714285714285,7,11.875,0.3535533905932738,0.875,0.0,none,1.0,0.0,1.0,1.0,1.0,3,0.0,1.0,1.0,0.875,0.0,0.0,0.0,0.0,headless-chrome,linux,147,1,1,1.0,0.0,0.0,,0
gemini_computer_use,trial-017,10,7,1,1.0,0.14285714285714285,7,10.5,2.9533408577782247,0.7,0.2,none,0.8,0.0,1.0,1.0,1.0,3,0.0,0.8,0.8,0.7,0.0,0.0,0.2,0.0,headless-chrome,linux,147,2,2,1.0,0.0,0.0,,0
gemini_computer_use,trial-018,8,7,1,1.0,0.14285714285714285,7,11.875,0.3535533905932738,0.875,0.0,none,1.0,0.0,1.0,1.0,1.0,3,0.0,1.0,1.0,0.875,0.0,0.0,0.0,0.0,headless-chrome,linux,147,1,1,1.0,0.0,0.0,,0
gemini_computer_use,trial-019,8,7,1,1.0,0.14285714285714285,7,11.875,0.3535533905932738,0.875,0.0,none,1.0,0.0,1.0,1.0,1.0,3,0.0,1.0,1.0,0.875,0.0,0.0,0.0,0.0,headless-chrome,linux,147,1,1,1.0,0.0,0.0,,0
gemini_computer_use,trial-020,8,7,1,1.0,0.14285714285714285,7,11.875,0.3535533905932738,0.875,0.0,none,1.0,0.0,1.0,1.0,1.0,3,0.0,1.0,1.0,0.875,0.0,0.0,0.0,0.0,headless-chrome,linux,147,1,1,1.0,0.0,0.0,,0
gemini_computer_use,trial-021,8,7,1,1.0,0.14285714285714285,7,11.875,0.3535533905932738,0.875,0.0,none,1.0,0.0,1.0,1.0,1.0,3,0.0,1.0,1.0,0.875,0.0,0.0,0.0,0.0,headless-chrome,linux,147,1,1,1.0,0.0,0.0,,0
gemini_computer_use,trial-022,8,7,1,1.0,0.14285714285714285,7,11.875,0.3535533905932738,0.875,0.0,none,1.0,0.0,1.0,1.0,1.0,3,0.0,1.0,1.0,0.875,0.0,0.0,0.0,0.0,headless-chrome,linux,147,1,1,1.0,0.0,0.0,,0
gemini_computer_use,trial-023,8,7,1,1.0,0.14285714285714285,7,11.875,0.3535533905932738,0.875,0.0,none,1.0,0.0,1.0,1.0,1.0,3,0.0,1.0,1.0,0.875,0.0,0.0,0.0,0.0,headless-chrome,linux,147,1,1,1.0,0.0,0.0,,0
gemini_computer_use,trial-024,8,7,1,1.0,0.14285714285714285,7,11.875,0.3535533905932738,0.875,0.0,none,1.0,0.0,1.0,1.0,1.0,3,0.0,1.0,1.0,0.875,0.0,0.0,0.0,0.0,headless-chrome,linux,147,1,1,1.0,0.0,0.0,,0
gemini_computer_use,trial-025,8,7,1,1.0,0.14285714285714285,7,11.875,0.3535533905932738,0.875,0.0,none,1.0,0.0,1.0,1.0,1.0,3,0.0,1.0,1.0,0.875,0.0,0.0,0.0,0.0,headless-chrome,linux,147,1,1,1.0,0.0,0.0,,0
gemini_computer_use,trial-026,9,7,1,1.0,0.14285714285714285,7,11.88888888888889,0.33333333333333337,0.7777777777777778,0.1111111111111111,none,0.8888888888888888,0.0,1.0,1.0,1.0,3,0.1111111111111111,0.8888888888888888,0.8888888888888888,0.7777777777777778,0.0,0.0,0.0,0.1111111111111111,headless-chrome,linux,147,1,2,1.0,0.0,0.1111111111111111,Cdn-Loop|Cf-Ew-Via|Cf-Ray|Cf-Visitor|Cf-Worker|Pragma|X-Forwarded-Proto,7
gemini_computer_use,trial-027,8,7,1,1.0,0.14285714285714285,7,11.875,0.3535533905932738,0.875,0.0,none,1.0,0.0,1.0,1.0,1.0,3,0.0,1.0,1.0,0.875,0.0,0.0,0.0,0.0,headless-chrome,linux,147,1,1,1.0,0.0,0.0,,0
gemini_computer_use,trial-028,8,7,1,1.0,0.14285714285714285,7,11.875,0.3535533905932738,0.875,0.0,none,1.0,0.0,1.0,1.0,1.0,3,0.0,1.0,1.0,0.875,0.0,0.0,0.0,0.0,headless-chrome,linux,147,1,1,1.0,0.0,0.0,,0
gemini_computer_use,trial-029,8,7,1,1.0,0.14285714285714285,7,11.875,0.3535533905932738,0.875,0.0,none,1.0,0.0,1.0,1.0,1.0,3,0.0,1.0,1.0,0.875,0.0,0.0,0.0,0.0,headless-chrome,linux,147,1,1,1.0,0.0,0.0,,0
gemini_computer_use,trial-030,9,7,1,1.0,0.14285714285714285,7,11.333333333333334,1.6583123951776997,0.7777777777777778,0.1111111111111111,none,0.8888888888888888,0.1111111111111111,1.0,0.8888888888888888,1.0,3,0.1111111111111111,0.8888888888888888,0.8888888888888888,0.7777777777777778,0.0,0.0,0.1111111111111111,0.1111111111111111,headless-chrome,linux,147,2,2,1.0,0.0,0.0,,0
heritrix,trial-001,6,0,2,,,0,3.6666666666666665,0.5163977794943222,0.0,1.0,,0.0,0.0,1.0,1.0,1.0,0,0.0,0.0,0.0,0.0,0.0,0.0,1.0,0.0,other,other,,0,1,,,0.0,,0
heritrix,trial-002,6,0,2,,,0,3.6666666666666665,0.5163977794943222,0.0,1.0,,0.0,0.0,1.0,1.0,1.0,0,0.0,0.0,0.0,0.0,0.0,0.0,1.0,0.0,other,other,,0,1,,,0.0,,0
heritrix,trial-003,6,0,2,,,0,3.6666666666666665,0.5163977794943222,0.0,1.0,,0.0,0.0,1.0,1.0,1.0,0,0.0,0.0,0.0,0.0,0.0,0.0,1.0,0.0,other,other,,0,1,,,0.0,,0
heritrix,trial-004,6,0,2,,,0,3.6666666666666665,0.5163977794943222,0.0,1.0,,0.0,0.0,1.0,1.0,1.0,0,0.0,0.0,0.0,0.0,0.0,0.0,1.0,0.0,other,other,,0,1,,,0.0,,0
heritrix,trial-005,6,0,2,,,0,3.6666666666666665,0.5163977794943222,0.0,1.0,,0.0,0.0,1.0,1.0,1.0,0,0.0,0.0,0.0,0.0,0.0,0.0,1.0,0.0,other,other,,0,1,,,0.0,,0
heritrix,trial-006,6,0,2,,,0,3.6666666666666665,0.5163977794943222,0.0,1.0,,0.0,0.0,1.0,1.0,1.0,0,0.0,0.0,0.0,0.0,0.0,0.0,1.0,0.0,other,other,,0,1,,,0.0,,0
heritrix,trial-007,6,0,2,,,0,3.6666666666666665,0.5163977794943222,0.0,1.0,,0.0,0.0,1.0,1.0,1.0,0,0.0,0.0,0.0,0.0,0.0,0.0,1.0,0.0,other,other,,0,1,,,0.0,,0
heritrix,trial-008,6,0,2,,,0,3.6666666666666665,0.5163977794943222,0.0,1.0,,0.0,0.0,1.0,1.0,1.0,0,0.0,0.0,0.0,0.0,0.0,0.0,1.0,0.0,other,other,,0,1,,,0.0,,0
heritrix,trial-009,6,0,2,,,0,3.6666666666666665,0.5163977794943222,0.0,1.0,,0.0,0.0,1.0,1.0,1.0,0,0.0,0.0,0.0,0.0,0.0,0.0,1.0,0.0,other,other,,0,1,,,0.0,,0
heritrix,trial-010,6,0,2,,,0,3.6666666666666665,0.5163977794943222,0.0,1.0,,0.0,0.0,1.0,1.0,1.0,0,0.0,0.0,0.0,0.0,0.0,0.0,1.0,0.0,other,other,,0,1,,,0.0,,0
heritrix,trial-011,6,0,2,,,0,3.6666666666666665,0.5163977794943222,0.0,1.0,,0.0,0.0,1.0,1.0,1.0,0,0.0,0.0,0.0,0.0,0.0,0.0,1.0,0.0,other,other,,0,1,,,0.0,,0
heritrix,trial-012,6,0,2,,,0,3.6666666666666665,0.5163977794943222,0.0,1.0,,0.0,0.0,1.0,1.0,1.0,0,0.0,0.0,0.0,0.0,0.0,0.0,1.0,0.0,other,other,,0,1,,,0.0,,0
heritrix,trial-013,6,0,2,,,0,3.6666666666666665,0.5163977794943222,0.0,1.0,,0.0,0.0,1.0,1.0,1.0,0,0.0,0.0,0.0,0.0,0.0,0.0,1.0,0.0,other,other,,0,1,,,0.0,,0
heritrix,trial-014,6,0,2,,,0,3.6666666666666665,0.5163977794943222,0.0,1.0,,0.0,0.0,1.0,1.0,1.0,0,0.0,0.0,0.0,0.0,0.0,0.0,1.0,0.0,other,other,,0,1,,,0.0,,0
heritrix,trial-015,6,0,2,,,0,3.6666666666666665,0.5163977794943222,0.0,1.0,,0.0,0.0,1.0,1.0,1.0,0,0.0,0.0,0.0,0.0,0.0,0.0,1.0,0.0,other,other,,0,1,,,0.0,,0
heritrix,trial-016,6,0,2,,,0,3.6666666666666665,0.5163977794943222,0.0,1.0,,0.0,0.0,1.0,1.0,1.0,0,0.0,0.0,0.0,0.0,0.0,0.0,1.0,0.0,other,other,,0,1,,,0.0,,0
heritrix,trial-017,6,0,2,,,0,3.6666666666666665,0.5163977794943222,0.0,1.0,,0.0,0.0,1.0,1.0,1.0,0,0.0,0.0,0.0,0.0,0.0,0.0,1.0,0.0,other,other,,0,1,,,0.0,,0
heritrix,trial-018,6,0,2,,,0,3.6666666666666665,0.5163977794943222,0.0,1.0,,0.0,0.0,1.0,1.0,1.0,0,0.0,0.0,0.0,0.0,0.0,0.0,1.0,0.0,other,other,,0,1,,,0.0,,0
heritrix,trial-019,6,0,2,,,0,3.6666666666666665,0.5163977794943222,0.0,1.0,,0.0,0.0,1.0,1.0,1.0,0,0.0,0.0,0.0,0.0,0.0,0.0,1.0,0.0,other,other,,0,1,,,0.0,,0
heritrix,trial-020,6,0,2,,,0,3.6666666666666665,0.5163977794943222,0.0,1.0,,0.0,0.0,1.0,1.0,1.0,0,0.0,0.0,0.0,0.0,0.0,0.0,1.0,0.0,other,other,,0,1,,,0.0,,0
heritrix,trial-021,6,0,2,,,0,3.6666666666666665,0.5163977794943222,0.0,1.0,,0.0,0.0,1.0,1.0,1.0,0,0.0,0.0,0.0,0.0,0.0,0.0,1.0,0.0,other,other,,0,1,,,0.0,,0
heritrix,trial-022,6,0,2,,,0,3.6666666666666665,0.5163977794943222,0.0,1.0,,0.0,0.0,1.0,1.0,1.0,0,0.0,0.0,0.0,0.0,0.0,0.0,1.0,0.0,other,other,,0,1,,,0.0,,0
heritrix,trial-023,6,0,2,,,0,3.6666666666666665,0.5163977794943222,0.0,1.0,,0.0,0.0,1.0,1.0,1.0,0,0.0,0.0,0.0,0.0,0.0,0.0,1.0,0.0,other,other,,0,1,,,0.0,,0
heritrix,trial-024,6,0,2,,,0,3.6666666666666665,0.5163977794943222,0.0,1.0,,0.0,0.0,1.0,1.0,1.0,0,0.0,0.0,0.0,0.0,0.0,0.0,1.0,0.0,other,other,,0,1,,,0.0,,0
heritrix,trial-025,6,0,2,,,0,3.6666666666666665,0.5163977794943222,0.0,1.0,,0.0,0.0,1.0,1.0,1.0,0,0.0,0.0,0.0,0.0,0.0,0.0,1.0,0.0,other,other,,0,1,,,0.0,,0
heritrix,trial-026,6,0,2,,,0,3.6666666666666665,0.5163977794943222,0.0,1.0,,0.0,0.0,1.0,1.0,1.0,0,0.0,0.0,0.0,0.0,0.0,0.0,1.0,0.0,other,other,,0,1,,,0.0,,0
heritrix,trial-027,6,0,2,,,0,3.6666666666666665,0.5163977794943222,0.0,1.0,,0.0,0.0,1.0,1.0,1.0,0,0.0,0.0,0.0,0.0,0.0,0.0,1.0,0.0,other,other,,0,1,,,0.0,,0
heritrix,trial-028,6,0,2,,,0,3.6666666666666665,0.5163977794943222,0.0,1.0,,0.0,0.0,1.0,1.0,1.0,0,0.0,0.0,0.0,0.0,0.0,0.0,1.0,0.0,other,other,,0,1,,,0.0,,0
heritrix,trial-029,6,0,2,,,0,3.6666666666666665,0.5163977794943222,0.0,1.0,,0.0,0.0,1.0,1.0,1.0,0,0.0,0.0,0.0,0.0,0.0,0.0,1.0,0.0,other,other,,0,1,,,0.0,,0
heritrix,trial-030,6,0,2,,,0,3.6666666666666665,0.5163977794943222,0.0,1.0,,0.0,0.0,1.0,1.0,1.0,0,0.0,0.0,0.0,0.0,0.0,0.0,1.0,0.0,other,other,,0,1,,,0.0,,0
human,trial-001,12,9,3,1.0,0.1111111111111111,9,13.5,0.7977240352174656,0.16666666666666666,0.0,same-origin,0.0,0.0,1.0,1.0,1.0,3,1.0,1.0,1.0,0.75,0.0,0.0,0.0,0.0,chrome,macos,146,1,1,0.9166666666666666,0.0,0.16666666666666666,Sec-Purpose,1
human,trial-002,6,6,0,1.0,0.16666666666666666,6,14.0,0.0,0.0,0.0,same-origin,0.0,0.0,1.0,1.0,1.0,3,1.0,1.0,1.0,1.0,0.0,0.0,0.0,0.0,chrome,macos,148,1,1,1.0,0.0,0.0,,0
human,trial-003,10,8,2,1.0,0.125,8,13.5,0.8498365855987975,0.1,0.0,same-origin,0.0,0.0,1.0,1.0,1.0,3,1.0,1.0,1.0,0.8,0.0,0.0,0.0,0.0,chrome,windows,148,1,1,0.9,0.0,0.0,,0
human,trial-004,10,8,2,1.0,0.125,8,13.5,0.8498365855987975,0.1,0.0,same-origin,0.0,0.0,1.0,1.0,1.0,3,1.0,1.0,1.0,0.8,0.0,0.0,0.0,0.0,chrome,macos,148,1,1,0.9,0.0,0.0,,0
human,trial-005,6,6,0,1.0,0.16666666666666666,6,14.0,0.0,0.0,0.0,same-origin,0.0,0.0,1.0,1.0,1.0,3,1.0,1.0,1.0,1.0,0.0,0.0,0.0,0.0,edge,windows,148,1,1,1.0,0.0,0.0,,0
human,trial-006,2,2,0,1.0,0.5,2,14.0,0.0,0.0,0.0,same-origin,0.0,0.0,1.0,1.0,1.0,3,1.0,1.0,1.0,1.0,0.0,0.0,0.0,0.0,chrome,windows,148,1,1,1.0,0.0,0.0,,0
human,trial-007,15,9,5,1.0,0.1111111111111111,9,11.333333333333334,2.4976179127511156,0.13333333333333333,0.06666666666666667,same-origin,0.0,0.0,1.0,1.0,1.0,0,0.8666666666666667,0.8,0.0,0.6666666666666666,0.0,0.6666666666666666,0.0,0.2,firefox,windows,151,3,2,0.8333333333333334,0.0,0.8666666666666667,Pragma|Sec-Gpc,2
human,trial-008,10,7,0,1.0,0.14285714285714285,7,11.9,5.10881590977792,0.0,0.3,same-origin,0.0,0.0,1.0,1.0,1.0,3,0.9,0.7,0.7,0.7,0.0,0.0,0.0,0.0,chrome,macos,149,2,2,1.0,0.0,0.0,,0
human,trial-009,1,0,0,,,0,0.0,,0.0,1.0,,0.0,0.0,1.0,1.0,1.0,0,0.0,0.0,0.0,0.0,0.0,0.0,0.0,0.0,other,other,,0,1,,,0.0,,0
human,trial-010,1,0,0,,,0,2.0,,0.0,1.0,,0.0,0.0,1.0,1.0,1.0,0,0.0,0.0,0.0,0.0,0.0,0.0,0.0,0.0,firefox,windows,8,1,1,,,0.0,,0
human,trial-011,2,0,0,,,0,7.0,0.0,0.0,1.0,,0.0,0.0,1.0,1.0,1.0,0,1.0,0.0,0.0,0.0,0.0,0.0,1.0,1.0,firefox,windows,123,1,1,,,0.0,,0
human,trial-012,1,0,0,,,0,10.0,,0.0,1.0,,0.0,1.0,1.0,0.0,1.0,0,1.0,0.0,0.0,1.0,0.0,0.0,1.0,1.0,safari,macos,604,1,1,,,1.0,Pragma,1
human,trial-013,10,8,2,1.0,0.125,8,13.5,0.8498365855987975,0.1,0.0,same-origin,0.0,0.0,1.0,1.0,1.0,3,1.0,1.0,1.0,0.8,0.0,0.0,0.0,0.0,chrome,macos,137,1,1,0.9,0.0,0.0,,0
human,trial-014,3,0,1,,,0,4.0,0.0,0.0,1.0,,0.0,0.0,1.0,1.0,1.0,0,0.0,0.0,0.0,0.0,0.0,0.0,0.6666666666666666,0.0,other,other,126,1,2,,,0.0,,0
human,trial-015,1,0,1,,,0,12.0,,0.0,0.0,same-origin,0.0,0.0,1.0,1.0,1.0,3,1.0,1.0,1.0,0.0,0.0,0.0,0.0,0.0,chrome,macos,148,1,1,0.0,1.0,0.0,,0
human,trial-016,1,0,1,,,0,15.0,,0.0,0.0,same-origin,0.0,0.0,1.0,1.0,1.0,2,1.0,1.0,1.0,0.0,0.0,0.0,0.0,0.0,chrome,macos,144,1,1,0.0,1.0,1.0,Signature|Signature-Agent|Signature-Input,3
human,trial-017,14,6,2,1.0,0.16666666666666666,6,9.214285714285714,4.509452831016733,0.0,0.5714285714285714,,0.0,0.2857142857142857,1.0,0.7142857142857143,1.0,0,0.5714285714285714,0.42857142857142855,0.42857142857142855,0.42857142857142855,0.0,0.0,0.5714285714285714,0.0,chrome,macos,149,4,2,1.0,0.0,0.5714285714285714,From,1
human,trial-018,12,8,2,1.0,0.125,8,12.083333333333334,3.3967453227875044,0.08333333333333333,0.16666666666666666,same-origin,0.0,0.08333333333333333,1.0,0.9166666666666666,1.0,3,0.8333333333333334,0.8333333333333334,0.8333333333333334,0.6666666666666666,0.0,0.0,0.16666666666666666,0.0,chrome,macos,149,2,2,0.9,0.0,0.16666666666666666,From,1
human,trial-019,10,8,2,1.0,0.125,8,13.5,0.8498365855987975,0.1,0.0,same-origin,0.0,0.0,1.0,1.0,1.0,3,1.0,1.0,1.0,0.8,0.0,0.0,0.0,0.0,chrome,macos,145,1,1,0.9,0.0,0.0,,0
human,trial-020,9,8,1,1.0,0.125,8,14.666666666666666,0.5,0.1111111111111111,0.0,same-origin,0.0,0.0,1.0,1.0,1.0,3,1.0,1.0,1.0,0.8888888888888888,0.0,0.0,0.0,0.0,chrome,macos,148,1,1,1.0,0.0,0.2222222222222222,Sec-Purpose,1
human,trial-021,11,8,2,1.0,0.125,8,12.818181818181818,2.4007574562284226,0.09090909090909091,0.09090909090909091,same-origin,0.0,0.0,1.0,1.0,1.0,3,1.0,0.9090909090909091,0.9090909090909091,0.7272727272727273,0.0,0.0,0.0,0.0,chrome,windows,149,1,2,0.9,0.0,0.0,,0
human,trial-022,13,8,2,1.0,0.125,8,12.384615384615385,3.969434500833873,0.07692307692307693,0.23076923076923078,same-origin,0.0,0.07692307692307693,1.0,0.9230769230769231,1.0,3,0.7692307692307693,0.7692307692307693,0.7692307692307693,0.6153846153846154,0.0,0.0,0.23076923076923078,0.0,chrome,macos,148,2,2,0.9,0.0,0.9230769230769231,From|Next-Action|Sec-Gpc,3
human,trial-023,10,8,2,1.0,0.125,8,13.5,0.8498365855987975,0.1,0.0,same-origin,0.0,0.0,1.0,1.0,1.0,3,1.0,1.0,1.0,0.8,0.0,0.0,0.0,0.0,chrome,macos,149,1,1,0.9,0.0,0.0,,0
human,trial-024,2,2,0,1.0,0.5,2,14.0,0.0,0.0,0.0,same-origin,0.0,0.0,1.0,1.0,1.0,3,1.0,1.0,1.0,1.0,0.0,0.0,0.0,0.0,chrome,macos,149,1,1,1.0,0.0,0.0,,0
human,trial-025,12,6,0,1.0,0.16666666666666666,6,13.5,0.5222329678670935,0.0,0.5,same-origin,0.0,0.0,1.0,1.0,1.0,3,1.0,1.0,1.0,0.5,0.0,0.0,0.0,0.0,chrome,macos,148,1,1,1.0,0.0,0.0,,0
human,trial-026,19,8,2,1.0,0.125,8,8.526315789473685,5.419803410258342,0.05263157894736842,0.47368421052631576,,0.0,0.0,1.0,1.0,1.0,3,0.5263157894736842,0.5263157894736842,0.5263157894736842,0.42105263157894735,0.0,0.0,0.0,0.0,chrome,macos,148,1,2,0.9,0.0,0.0,,0
human,trial-027,9,8,1,1.0,0.125,8,13.666666666666666,0.7071067811865476,0.1111111111111111,0.0,same-origin,0.0,0.0,1.0,1.0,1.0,3,1.0,1.0,1.0,0.8888888888888888,0.0,0.0,0.0,0.0,chrome,macos,146,1,1,1.0,0.0,0.0,,0
human,trial-028,8,7,1,1.0,0.14285714285714285,7,13.75,0.7071067811865476,0.0,0.0,same-origin,0.0,0.0,1.0,1.0,1.0,3,1.0,1.0,1.0,0.875,0.0,0.0,0.0,0.0,chrome,macos,145,1,1,0.875,0.0,0.0,,0
human,trial-029,3,2,1,1.0,0.5,2,13.333333333333334,1.1547005383792517,0.0,0.0,same-origin,0.0,0.0,1.0,1.0,1.0,3,1.0,1.0,1.0,0.6666666666666666,0.0,0.0,0.0,0.0,chrome,macos,137,1,1,0.6666666666666666,0.0,0.0,,0
human,trial-030,9,8,1,1.0,0.125,8,13.666666666666666,0.7071067811865476,0.1111111111111111,0.0,same-origin,0.0,0.0,1.0,1.0,1.0,3,1.0,1.0,1.0,0.8888888888888888,0.0,0.0,0.0,0.0,chrome,macos,146,1,1,1.0,0.0,0.0,,0
nutch,trial-001,8,0,0,,,0,6.0,0.0,0.0,1.0,,0.0,0.0,1.0,1.0,1.0,0,1.0,0.0,0.0,0.0,0.0,0.0,1.0,0.0,other,other,,0,1,,,1.0,Accept-Charset,1
nutch,trial-002,8,0,0,,,0,6.0,0.0,0.0,1.0,,0.0,0.0,1.0,1.0,1.0,0,1.0,0.0,0.0,0.0,0.0,0.0,1.0,0.0,other,other,,0,1,,,1.0,Accept-Charset,1
nutch,trial-003,8,0,0,,,0,6.0,0.0,0.0,1.0,,0.0,0.0,1.0,1.0,1.0,0,1.0,0.0,0.0,0.0,0.0,0.0,1.0,0.0,other,other,,0,1,,,1.0,Accept-Charset,1
nutch,trial-004,8,0,0,,,0,6.0,0.0,0.0,1.0,,0.0,0.0,1.0,1.0,1.0,0,1.0,0.0,0.0,0.0,0.0,0.0,1.0,0.0,other,other,,0,1,,,1.0,Accept-Charset,1
nutch,trial-005,8,0,0,,,0,6.0,0.0,0.0,1.0,,0.0,0.0,1.0,1.0,1.0,0,1.0,0.0,0.0,0.0,0.0,0.0,1.0,0.0,other,other,,0,1,,,1.0,Accept-Charset,1
nutch,trial-006,8,0,0,,,0,6.0,0.0,0.0,1.0,,0.0,0.0,1.0,1.0,1.0,0,1.0,0.0,0.0,0.0,0.0,0.0,1.0,0.0,other,other,,0,1,,,1.0,Accept-Charset,1
nutch,trial-007,8,0,0,,,0,6.0,0.0,0.0,1.0,,0.0,0.0,1.0,1.0,1.0,0,1.0,0.0,0.0,0.0,0.0,0.0,1.0,0.0,other,other,,0,1,,,1.0,Accept-Charset,1
nutch,trial-008,8,0,0,,,0,6.0,0.0,0.0,1.0,,0.0,0.0,1.0,1.0,1.0,0,1.0,0.0,0.0,0.0,0.0,0.0,1.0,0.0,other,other,,0,1,,,1.0,Accept-Charset,1
nutch,trial-009,8,0,0,,,0,6.0,0.0,0.0,1.0,,0.0,0.0,1.0,1.0,1.0,0,1.0,0.0,0.0,0.0,0.0,0.0,1.0,0.0,other,other,,0,1,,,1.0,Accept-Charset,1
nutch,trial-010,8,0,0,,,0,6.0,0.0,0.0,1.0,,0.0,0.0,1.0,1.0,1.0,0,1.0,0.0,0.0,0.0,0.0,0.0,1.0,0.0,other,other,,0,1,,,1.0,Accept-Charset,1
nutch,trial-011,8,0,0,,,0,6.0,0.0,0.0,1.0,,0.0,0.0,1.0,1.0,1.0,0,1.0,0.0,0.0,0.0,0.0,0.0,1.0,0.0,other,other,,0,1,,,1.0,Accept-Charset,1
nutch,trial-012,8,0,0,,,0,6.0,0.0,0.0,1.0,,0.0,0.0,1.0,1.0,1.0,0,1.0,0.0,0.0,0.0,0.0,0.0,1.0,0.0,other,other,,0,1,,,1.0,Accept-Charset,1
nutch,trial-013,8,0,0,,,0,6.0,0.0,0.0,1.0,,0.0,0.0,1.0,1.0,1.0,0,1.0,0.0,0.0,0.0,0.0,0.0,1.0,0.0,other,other,,0,1,,,1.0,Accept-Charset,1
nutch,trial-014,8,0,0,,,0,6.0,0.0,0.0,1.0,,0.0,0.0,1.0,1.0,1.0,0,1.0,0.0,0.0,0.0,0.0,0.0,1.0,0.0,other,other,,0,1,,,1.0,Accept-Charset,1
nutch,trial-015,8,0,0,,,0,6.0,0.0,0.0,1.0,,0.0,0.0,1.0,1.0,1.0,0,1.0,0.0,0.0,0.0,0.0,0.0,1.0,0.0,other,other,,0,1,,,1.0,Accept-Charset,1
nutch,trial-016,8,0,0,,,0,6.0,0.0,0.0,1.0,,0.0,0.0,1.0,1.0,1.0,0,1.0,0.0,0.0,0.0,0.0,0.0,1.0,0.0,other,other,,0,1,,,1.0,Accept-Charset,1
nutch,trial-017,8,0,0,,,0,6.0,0.0,0.0,1.0,,0.0,0.0,1.0,1.0,1.0,0,1.0,0.0,0.0,0.0,0.0,0.0,1.0,0.0,other,other,,0,1,,,1.0,Accept-Charset,1
nutch,trial-018,8,0,0,,,0,6.0,0.0,0.0,1.0,,0.0,0.0,1.0,1.0,1.0,0,1.0,0.0,0.0,0.0,0.0,0.0,1.0,0.0,other,other,,0,1,,,1.0,Accept-Charset,1
nutch,trial-019,8,0,0,,,0,6.0,0.0,0.0,1.0,,0.0,0.0,1.0,1.0,1.0,0,1.0,0.0,0.0,0.0,0.0,0.0,1.0,0.0,other,other,,0,1,,,1.0,Accept-Charset,1
nutch,trial-020,8,0,0,,,0,6.0,0.0,0.0,1.0,,0.0,0.0,1.0,1.0,1.0,0,1.0,0.0,0.0,0.0,0.0,0.0,1.0,0.0,other,other,,0,1,,,1.0,Accept-Charset,1
nutch,trial-021,8,0,0,,,0,6.0,0.0,0.0,1.0,,0.0,0.0,1.0,1.0,1.0,0,1.0,0.0,0.0,0.0,0.0,0.0,1.0,0.0,other,other,,0,1,,,1.0,Accept-Charset,1
nutch,trial-022,8,0,0,,,0,6.0,0.0,0.0,1.0,,0.0,0.0,1.0,1.0,1.0,0,1.0,0.0,0.0,0.0,0.0,0.0,1.0,0.0,other,other,,0,1,,,1.0,Accept-Charset,1
nutch,trial-023,8,0,0,,,0,6.0,0.0,0.0,1.0,,0.0,0.0,1.0,1.0,1.0,0,1.0,0.0,0.0,0.0,0.0,0.0,1.0,0.0,other,other,,0,1,,,1.0,Accept-Charset,1
nutch,trial-024,8,0,0,,,0,6.0,0.0,0.0,1.0,,0.0,0.0,1.0,1.0,1.0,0,1.0,0.0,0.0,0.0,0.0,0.0,1.0,0.0,other,other,,0,1,,,1.0,Accept-Charset,1
nutch,trial-025,8,0,0,,,0,6.0,0.0,0.0,1.0,,0.0,0.0,1.0,1.0,1.0,0,1.0,0.0,0.0,0.0,0.0,0.0,1.0,0.0,other,other,,0,1,,,1.0,Accept-Charset,1
nutch,trial-026,8,0,0,,,0,6.0,0.0,0.0,1.0,,0.0,0.0,1.0,1.0,1.0,0,1.0,0.0,0.0,0.0,0.0,0.0,1.0,0.0,other,other,,0,1,,,1.0,Accept-Charset,1
nutch,trial-027,8,0,0,,,0,6.0,0.0,0.0,1.0,,0.0,0.0,1.0,1.0,1.0,0,1.0,0.0,0.0,0.0,0.0,0.0,1.0,0.0,other,other,,0,1,,,1.0,Accept-Charset,1
nutch,trial-028,8,0,0,,,0,6.0,0.0,0.0,1.0,,0.0,0.0,1.0,1.0,1.0,0,1.0,0.0,0.0,0.0,0.0,0.0,1.0,0.0,other,other,,0,1,,,1.0,Accept-Charset,1
nutch,trial-029,8,0,0,,,0,6.0,0.0,0.0,1.0,,0.0,0.0,1.0,1.0,1.0,0,1.0,0.0,0.0,0.0,0.0,0.0,1.0,0.0,other,other,,0,1,,,1.0,Accept-Charset,1
nutch,trial-030,8,0,0,,,0,6.0,0.0,0.0,1.0,,0.0,0.0,1.0,1.0,1.0,0,1.0,0.0,0.0,0.0,0.0,0.0,1.0,0.0,other,other,,0,1,,,1.0,Accept-Charset,1
operator,trial-001,6,6,0,1.0,0.16666666666666666,6,12.0,0.0,1.0,0.0,none,1.0,1.0,1.0,1.0,1.0,3,0.0,1.0,1.0,1.0,0.0,0.0,0.0,0.0,edge,windows,122,1,1,1.0,0.0,0.0,,0
operator,trial-002,10,7,2,1.0,0.14285714285714285,7,14.8,3.119829055146024,0.7,0.1,none,0.0,0.0,1.0,1.0,1.0,2,0.9,0.9,0.9,0.7,0.0,0.0,0.0,0.1,chrome,macos,144,2,1,0.8888888888888888,0.0,1.0,Signature|Signature-Agent|Signature-Input|X-Envoy-Expected-Rq-Timeout-Ms|X-Request-Id,5
operator,trial-003,5,5,0,1.0,0.2,5,12.0,0.0,1.0,1.0,none,0.0,0.0,1.0,1.0,1.0,2,1.0,1.0,1.0,1.0,0.0,0.0,0.0,0.0,headless-chrome,linux,147,1,1,1.0,0.0,0.0,,0
operator,trial-004,9,7,2,1.0,0.14285714285714285,7,12.0,0.0,0.7777777777777778,0.7777777777777778,none,0.0,0.0,1.0,1.0,1.0,2,1.0,1.0,1.0,0.7777777777777778,0.0,0.0,0.0,0.0,headless-chrome,linux,147,1,1,0.8888888888888888,0.0,0.0,,0
operator,trial-005,9,7,2,1.0,0.14285714285714285,7,12.0,0.0,0.7777777777777778,0.7777777777777778,none,0.0,0.0,1.0,1.0,1.0,2,1.0,1.0,1.0,0.7777777777777778,0.0,0.0,0.0,0.0,headless-chrome,linux,147,1,1,0.8888888888888888,0.0,0.0,,0
operator,trial-006,2,2,0,1.0,0.5,2,12.0,0.0,1.0,1.0,none,0.0,0.0,1.0,1.0,1.0,2,1.0,1.0,1.0,1.0,0.0,0.0,0.0,0.0,headless-chrome,linux,147,1,1,1.0,0.0,0.0,,0
operator,trial-007,11,7,2,1.0,0.14285714285714285,7,10.363636363636363,3.640679257301507,0.6363636363636364,0.8181818181818182,none,0.0,0.0,1.0,1.0,1.0,2,0.8181818181818182,0.8181818181818182,0.8181818181818182,0.6363636363636364,0.0,0.0,0.0,0.0,headless-chrome,linux,147,1,2,0.8888888888888888,0.0,0.0,,0
operator,trial-008,6,4,2,1.0,0.25,4,12.0,0.0,0.6666666666666666,0.6666666666666666,none,0.0,0.0,1.0,1.0,1.0,2,1.0,1.0,1.0,0.6666666666666666,0.0,0.0,0.0,0.0,headless-chrome,linux,147,1,1,0.8333333333333334,0.0,0.0,,0
operator,trial-009,9,7,2,1.0,0.14285714285714285,7,12.0,0.0,0.7777777777777778,0.7777777777777778,none,0.0,0.0,1.0,1.0,1.0,2,1.0,1.0,1.0,0.7777777777777778,0.0,0.0,0.0,0.0,headless-chrome,linux,147,1,1,0.8888888888888888,0.0,0.0,,0
operator,trial-010,11,8,2,1.0,0.125,8,11.272727272727273,1.7939291563999449,0.7272727272727273,0.09090909090909091,none,0.9090909090909091,0.0,1.0,1.0,1.0,3,0.0,0.9090909090909091,0.9090909090909091,0.7272727272727273,0.0,0.0,0.0,0.09090909090909091,headless-chrome,linux,147,2,2,1.0,0.0,0.09090909090909091,X-Envoy-Expected-Rq-Timeout-Ms|X-Request-Id,2
operator,trial-011,3,2,1,1.0,0.5,2,13.0,1.0,0.3333333333333333,0.0,same-origin,0.0,0.0,1.0,1.0,1.0,3,1.0,1.0,1.0,0.6666666666666666,0.0,0.0,0.0,0.0,chrome,windows,145,1,1,1.0,0.0,0.0,,0
operator,trial-012,3,3,0,1.0,0.3333333333333333,3,14.0,0.0,0.0,0.0,same-origin,0.0,0.0,1.0,1.0,1.0,3,1.0,1.0,1.0,1.0,0.0,0.0,0.0,0.0,chrome,windows,145,1,1,1.0,0.0,0.0,,0
operator,trial-013,4,2,1,1.0,0.5,2,12.75,0.9574271077563381,0.25,0.25,same-origin,0.0,0.0,1.0,1.0,1.0,3,1.0,0.75,0.75,0.5,0.0,0.0,0.0,0.25,chrome,windows,145,1,2,1.0,0.0,0.25,Cdn-Loop|Cf-Ew-Via|Cf-Ray|Cf-Visitor|Cf-Worker|Pragma|X-Forwarded-Proto,7
operator,trial-014,10,7,2,1.0,0.14285714285714285,7,15.4,1.2649110640673518,0.7,0.1,none,0.0,0.0,1.0,1.0,1.0,2,1.0,0.9,0.9,0.7,0.0,0.0,0.0,0.1,chrome,macos,144,1,2,0.8888888888888888,0.0,1.0,Cdn-Loop|Cf-Ew-Via|Cf-Ray|Cf-Visitor|Cf-Worker|Pragma|Signature|Signature-Agent|Signature-Input|X-Forwarded-Proto,10
operator,trial-015,99,19,4,1.0,0.05263157894736842,19,3.080808080808081,5.175840201293097,0.1919191919191919,0.8686868686868687,,0.0,0.0,1.0,1.0,1.0,0,0.23232323232323232,0.10101010101010101,0.21212121212121213,0.1919191919191919,0.0,0.0,0.0707070707070707,0.12121212121212122,other,other,114,5,5,0.9,0.0,0.020202020202020204,Accept-Charset|Cdn-Loop|Cf-Ew-Via|Cf-Ray|Cf-Visitor|Cf-Worker|Pragma|X-Forwarded-Proto,8
operator,trial-016,6,6,0,1.0,0.16666666666666666,6,12.0,0.0,1.0,1.0,none,0.0,0.0,1.0,1.0,1.0,2,1.0,1.0,1.0,1.0,0.0,0.0,0.0,0.0,headless-chrome,linux,147,1,1,1.0,0.0,0.0,,0
operator,trial-017,3,2,0,1.0,0.5,2,12.0,0.0,0.6666666666666666,1.0,none,0.0,0.0,1.0,1.0,1.0,2,1.0,0.6666666666666666,0.6666666666666666,0.6666666666666666,0.0,0.0,0.0,0.3333333333333333,headless-chrome,linux,147,1,2,1.0,0.0,0.3333333333333333,Cdn-Loop|Cf-Ew-Via|Cf-Ray|Cf-Visitor|Cf-Worker|Pragma|X-Forwarded-Proto,7
operator,trial-018,9,7,2,1.0,0.14285714285714285,7,12.0,0.0,0.7777777777777778,0.7777777777777778,none,0.0,0.0,1.0,1.0,1.0,2,1.0,1.0,1.0,0.7777777777777778,0.0,0.0,0.0,0.0,headless-chrome,linux,147,1,1,0.8888888888888888,0.0,0.0,,0
operator,trial-019,3,3,0,1.0,0.3333333333333333,3,12.0,0.0,1.0,1.0,none,0.0,0.0,1.0,1.0,1.0,2,1.0,1.0,1.0,1.0,0.0,0.0,0.0,0.0,headless-chrome,linux,147,1,1,1.0,0.0,0.0,,0
operator,trial-020,10,7,2,1.0,0.14285714285714285,7,12.0,0.0,0.7,0.8,none,0.0,0.0,1.0,1.0,1.0,2,1.0,0.9,0.9,0.7,0.0,0.0,0.0,0.1,headless-chrome,linux,147,1,2,0.8888888888888888,0.0,0.1,Cdn-Loop|Cf-Ew-Via|Cf-Ray|Cf-Visitor|Cf-Worker|Pragma|X-Forwarded-Proto,7
operator,trial-021,9,7,2,1.0,0.14285714285714285,7,15.777777777777779,0.4409585518440983,0.7777777777777778,0.0,none,0.0,0.0,1.0,1.0,1.0,2,1.0,1.0,1.0,0.7777777777777778,0.0,0.0,0.0,0.0,chrome,macos,144,1,1,0.8888888888888888,0.0,1.0,Signature|Signature-Agent|Signature-Input,3
operator,trial-022,11,7,2,1.0,0.14285714285714285,7,14.363636363636363,3.640679257301507,0.6363636363636364,0.18181818181818182,none,0.0,0.0,1.0,1.0,1.0,2,0.9090909090909091,0.8181818181818182,0.8181818181818182,0.6363636363636364,0.0,0.0,0.0,0.09090909090909091,chrome,macos,144,2,2,0.8888888888888888,0.0,0.9090909090909091,Cdn-Loop|Cf-Ew-Via|Cf-Ray|Cf-Visitor|Cf-Worker|Pragma|Signature|Signature-Agent|Signature-Input|X-Forwarded-Proto,10
operator,trial-023,11,7,2,1.0,0.14285714285714285,7,13.272727272727273,5.587323314269707,0.6363636363636364,0.18181818181818182,none,0.0,0.0,1.0,1.0,1.0,2,0.8181818181818182,0.8181818181818182,0.8181818181818182,0.6363636363636364,0.0,0.0,0.0,0.0,chrome,macos,144,1,2,0.8888888888888888,0.0,0.8181818181818182,Signature|Signature-Agent|Signature-Input,3
operator,trial-024,9,7,2,1.0,0.14285714285714285,7,15.777777777777779,0.4409585518440983,0.7777777777777778,0.0,none,0.0,0.0,1.0,1.0,1.0,2,1.0,1.0,1.0,0.7777777777777778,0.0,0.0,0.0,0.0,chrome,macos,144,1,1,0.8888888888888888,0.0,1.0,Signature|Signature-Agent|Signature-Input,3
operator,trial-025,18,6,2,1.0,0.16666666666666666,6,9.61111111111111,6.1657391989347925,0.3333333333333333,0.5555555555555556,,0.0,0.2777777777777778,1.0,0.7222222222222222,1.0,0,0.5555555555555556,0.4444444444444444,0.4444444444444444,0.3888888888888889,0.0,0.0,0.1111111111111111,0.1111111111111111,chrome,macos,144,8,3,0.875,0.0,0.5555555555555556,Cdn-Loop|Cf-Ew-Via|Cf-Ray|Cf-Visitor|Cf-Worker|Pragma|Signature|Signature-Agent|Signature-Input|X-Forwarded-Proto,10
operator,trial-026,12,8,3,1.0,0.125,8,14.833333333333334,3.459724984691264,0.6666666666666666,0.08333333333333333,none,0.0,0.08333333333333333,1.0,1.0,0.9166666666666666,2,0.9166666666666666,0.9166666666666666,0.9166666666666666,0.6666666666666666,0.0,0.0,0.08333333333333333,0.08333333333333333,chrome,macos,144,2,1,0.8181818181818182,0.0,1.0,Accept-Charset|Signature|Signature-Agent|Signature-Input,4
operator,trial-027,11,7,2,1.0,0.14285714285714285,7,13.818181818181818,4.400413203738527,0.6363636363636364,0.18181818181818182,none,0.0,0.0,1.0,1.0,1.0,2,0.8181818181818182,0.8181818181818182,0.8181818181818182,0.6363636363636364,0.0,0.0,0.18181818181818182,0.0,chrome,macos,144,2,1,0.8888888888888888,0.0,0.8181818181818182,Signature|Signature-Agent|Signature-Input,3
operator,trial-028,200,7,4,1.0,0.14285714285714285,7,0.99,3.4626361700633757,0.035,0.95,,0.0,0.005,1.0,1.0,0.995,0,0.05,0.05,0.05,0.035,0.0,0.0,0.0,0.0,other,other,92,3,2,0.8,0.0,0.05,Signature|Signature-Agent|Signature-Input,3
operator,trial-029,9,7,2,1.0,0.14285714285714285,7,15.777777777777779,0.4409585518440983,0.7777777777777778,0.0,none,0.0,0.0,1.0,1.0,1.0,2,1.0,1.0,1.0,0.7777777777777778,0.0,0.0,0.0,0.0,chrome,macos,144,1,1,0.8888888888888888,0.0,1.0,Signature|Signature-Agent|Signature-Input,3
operator,trial-030,11,7,2,1.0,0.14285714285714285,7,13.363636363636363,5.390226846297422,0.6363636363636364,0.18181818181818182,none,0.0,0.0,1.0,1.0,1.0,2,0.8181818181818182,0.8181818181818182,0.8181818181818182,0.6363636363636364,0.0,0.0,0.09090909090909091,0.0,chrome,macos,144,2,2,0.8888888888888888,0.0,0.8181818181818182,Signature|Signature-Agent|Signature-Input,3
scrapy,trial-001,11,0,0,,,0,4.818181818181818,0.4045199174779452,0.0,1.0,,0.0,0.0,1.0,1.0,1.0,0,1.0,0.0,0.0,0.0,0.0,0.0,0.0,0.0,other,other,,0,1,,,0.0,,0
scrapy,trial-002,11,0,0,,,0,4.818181818181818,0.4045199174779452,0.0,1.0,,0.0,0.0,1.0,1.0,1.0,0,1.0,0.0,0.0,0.0,0.0,0.0,0.0,0.0,other,other,,0,1,,,0.0,,0
scrapy,trial-003,11,0,0,,,0,4.818181818181818,0.4045199174779452,0.0,1.0,,0.0,0.0,1.0,1.0,1.0,0,1.0,0.0,0.0,0.0,0.0,0.0,0.0,0.0,other,other,,0,1,,,0.0,,0
scrapy,trial-004,11,0,0,,,0,4.818181818181818,0.4045199174779452,0.0,1.0,,0.0,0.0,1.0,1.0,1.0,0,1.0,0.0,0.0,0.0,0.0,0.0,0.0,0.0,other,other,,0,1,,,0.0,,0
scrapy,trial-005,11,0,0,,,0,4.818181818181818,0.4045199174779452,0.0,1.0,,0.0,0.0,1.0,1.0,1.0,0,1.0,0.0,0.0,0.0,0.0,0.0,0.0,0.0,other,other,,0,1,,,0.0,,0
scrapy,trial-006,11,0,0,,,0,4.818181818181818,0.4045199174779452,0.0,1.0,,0.0,0.0,1.0,1.0,1.0,0,1.0,0.0,0.0,0.0,0.0,0.0,0.0,0.0,other,other,,0,1,,,0.0,,0
scrapy,trial-007,11,0,0,,,0,4.818181818181818,0.4045199174779452,0.0,1.0,,0.0,0.0,1.0,1.0,1.0,0,1.0,0.0,0.0,0.0,0.0,0.0,0.0,0.0,other,other,,0,1,,,0.0,,0
scrapy,trial-008,11,0,0,,,0,4.818181818181818,0.4045199174779452,0.0,1.0,,0.0,0.0,1.0,1.0,1.0,0,1.0,0.0,0.0,0.0,0.0,0.0,0.0,0.0,other,other,,0,1,,,0.0,,0
scrapy,trial-009,11,0,0,,,0,4.818181818181818,0.4045199174779452,0.0,1.0,,0.0,0.0,1.0,1.0,1.0,0,1.0,0.0,0.0,0.0,0.0,0.0,0.0,0.0,other,other,,0,1,,,0.0,,0
scrapy,trial-010,11,0,0,,,0,4.818181818181818,0.4045199174779452,0.0,1.0,,0.0,0.0,1.0,1.0,1.0,0,1.0,0.0,0.0,0.0,0.0,0.0,0.0,0.0,other,other,,0,1,,,0.0,,0
scrapy,trial-011,11,0,0,,,0,4.818181818181818,0.4045199174779452,0.0,1.0,,0.0,0.0,1.0,1.0,1.0,0,1.0,0.0,0.0,0.0,0.0,0.0,0.0,0.0,other,other,,0,1,,,0.0,,0
scrapy,trial-012,11,0,0,,,0,4.818181818181818,0.4045199174779452,0.0,1.0,,0.0,0.0,1.0,1.0,1.0,0,1.0,0.0,0.0,0.0,0.0,0.0,0.0,0.0,other,other,,0,1,,,0.0,,0
scrapy,trial-013,11,0,0,,,0,4.818181818181818,0.4045199174779452,0.0,1.0,,0.0,0.0,1.0,1.0,1.0,0,1.0,0.0,0.0,0.0,0.0,0.0,0.0,0.0,other,other,,0,1,,,0.0,,0
scrapy,trial-014,11,0,0,,,0,4.818181818181818,0.4045199174779452,0.0,1.0,,0.0,0.0,1.0,1.0,1.0,0,1.0,0.0,0.0,0.0,0.0,0.0,0.0,0.0,other,other,,0,1,,,0.0,,0
scrapy,trial-015,11,0,0,,,0,4.818181818181818,0.4045199174779452,0.0,1.0,,0.0,0.0,1.0,1.0,1.0,0,1.0,0.0,0.0,0.0,0.0,0.0,0.0,0.0,other,other,,0,1,,,0.0,,0
scrapy,trial-016,11,0,0,,,0,4.818181818181818,0.4045199174779452,0.0,1.0,,0.0,0.0,1.0,1.0,1.0,0,1.0,0.0,0.0,0.0,0.0,0.0,0.0,0.0,other,other,,0,1,,,0.0,,0
scrapy,trial-017,11,0,0,,,0,4.818181818181818,0.4045199174779452,0.0,1.0,,0.0,0.0,1.0,1.0,1.0,0,1.0,0.0,0.0,0.0,0.0,0.0,0.0,0.0,other,other,,0,1,,,0.0,,0
scrapy,trial-018,11,0,0,,,0,4.818181818181818,0.4045199174779452,0.0,1.0,,0.0,0.0,1.0,1.0,1.0,0,1.0,0.0,0.0,0.0,0.0,0.0,0.0,0.0,other,other,,0,1,,,0.0,,0
scrapy,trial-019,11,0,0,,,0,4.818181818181818,0.4045199174779452,0.0,1.0,,0.0,0.0,1.0,1.0,1.0,0,1.0,0.0,0.0,0.0,0.0,0.0,0.0,0.0,other,other,,0,1,,,0.0,,0
scrapy,trial-020,11,0,0,,,0,4.818181818181818,0.4045199174779452,0.0,1.0,,0.0,0.0,1.0,1.0,1.0,0,1.0,0.0,0.0,0.0,0.0,0.0,0.0,0.0,other,other,,0,1,,,0.0,,0
scrapy,trial-021,11,0,0,,,0,4.818181818181818,0.4045199174779452,0.0,1.0,,0.0,0.0,1.0,1.0,1.0,0,1.0,0.0,0.0,0.0,0.0,0.0,0.0,0.0,other,other,,0,1,,,0.0,,0
scrapy,trial-022,11,0,0,,,0,4.818181818181818,0.4045199174779452,0.0,1.0,,0.0,0.0,1.0,1.0,1.0,0,1.0,0.0,0.0,0.0,0.0,0.0,0.0,0.0,other,other,,0,1,,,0.0,,0
scrapy,trial-023,11,0,0,,,0,4.818181818181818,0.4045199174779452,0.0,1.0,,0.0,0.0,1.0,1.0,1.0,0,1.0,0.0,0.0,0.0,0.0,0.0,0.0,0.0,other,other,,0,1,,,0.0,,0
scrapy,trial-024,11,0,0,,,0,4.818181818181818,0.4045199174779452,0.0,1.0,,0.0,0.0,1.0,1.0,1.0,0,1.0,0.0,0.0,0.0,0.0,0.0,0.0,0.0,other,other,,0,1,,,0.0,,0
scrapy,trial-025,11,0,0,,,0,4.818181818181818,0.4045199174779452,0.0,1.0,,0.0,0.0,1.0,1.0,1.0,0,1.0,0.0,0.0,0.0,0.0,0.0,0.0,0.0,other,other,,0,1,,,0.0,,0
scrapy,trial-026,11,0,0,,,0,4.818181818181818,0.4045199174779452,0.0,1.0,,0.0,0.0,1.0,1.0,1.0,0,1.0,0.0,0.0,0.0,0.0,0.0,0.0,0.0,other,other,,0,1,,,0.0,,0
scrapy,trial-027,11,0,0,,,0,4.818181818181818,0.4045199174779452,0.0,1.0,,0.0,0.0,1.0,1.0,1.0,0,1.0,0.0,0.0,0.0,0.0,0.0,0.0,0.0,other,other,,0,1,,,0.0,,0
scrapy,trial-028,11,0,0,,,0,4.818181818181818,0.4045199174779452,0.0,1.0,,0.0,0.0,1.0,1.0,1.0,0,1.0,0.0,0.0,0.0,0.0,0.0,0.0,0.0,other,other,,0,1,,,0.0,,0
scrapy,trial-029,11,0,0,,,0,4.818181818181818,0.4045199174779452,0.0,1.0,,0.0,0.0,1.0,1.0,1.0,0,1.0,0.0,0.0,0.0,0.0,0.0,0.0,0.0,other,other,,0,1,,,0.0,,0
scrapy,trial-030,11,0,0,,,0,4.818181818181818,0.4045199174779452,0.0,1.0,,0.0,0.0,1.0,1.0,1.0,0,1.0,0.0,0.0,0.0,0.0,0.0,0.0,0.0,other,other,,0,1,,,0.0,,0
skyvern,trial-001,8,7,1,1.0,0.14285714285714285,7,13.625,0.7440238091428449,0.125,0.0,same-origin,0.0,0.0,1.0,1.0,1.0,3,1.0,1.0,1.0,0.875,0.0,0.0,0.0,0.0,chrome,windows,145,1,1,1.0,0.0,0.0,,0
skyvern,trial-002,13,7,1,1.0,0.14285714285714285,7,12.384615384615385,2.6937724952954465,0.07692307692307693,0.38461538461538464,same-origin,0.0,0.0,1.0,1.0,1.0,3,0.9230769230769231,0.6153846153846154,0.6153846153846154,0.5384615384615384,0.0,0.0,0.07692307692307693,0.3076923076923077,chrome,windows,145,2,2,1.0,0.0,0.3076923076923077,Cdn-Loop|Cf-Ew-Via|Cf-Ray|Cf-Visitor|Cf-Worker|Pragma|X-Forwarded-Proto,7
skyvern,trial-003,11,7,1,1.0,0.14285714285714285,7,13.181818181818182,0.9816498172140428,0.09090909090909091,0.2727272727272727,same-origin,0.0,0.0,1.0,1.0,1.0,3,1.0,0.7272727272727273,0.7272727272727273,0.6363636363636364,0.0,0.0,0.0,0.2727272727272727,chrome,windows,145,1,2,1.0,0.0,0.2727272727272727,Cdn-Loop|Cf-Ew-Via|Cf-Ray|Cf-Visitor|Cf-Worker|Pragma|X-Forwarded-Proto,7
skyvern,trial-004,17,6,5,1.0,0.16666666666666666,6,11.117647058823529,3.479984786985004,0.17647058823529413,0.35294117647058826,same-origin,0.0,0.35294117647058826,1.0,1.0,1.0,0,0.8235294117647058,0.6470588235294118,0.6470588235294118,0.35294117647058826,0.0,0.0,0.17647058823529413,0.17647058823529413,chrome,linux,119,5,3,0.8181818181818182,0.0,0.17647058823529413,Cdn-Loop|Cf-Ew-Via|Cf-Ray|Cf-Visitor|Cf-Worker|Pragma|X-Forwarded-Proto,7
skyvern,trial-005,6,4,1,1.0,0.25,4,11.666666666666666,4.320493798938573,0.16666666666666666,0.16666666666666666,same-origin,0.0,0.0,1.0,1.0,1.0,3,0.8333333333333334,0.8333333333333334,0.8333333333333334,0.6666666666666666,0.0,0.0,0.0,0.0,chrome,windows,145,2,1,1.0,0.0,0.0,,0
skyvern,trial-006,13,7,1,1.0,0.14285714285714285,7,12.384615384615385,2.6937724952954465,0.07692307692307693,0.38461538461538464,same-origin,0.0,0.0,1.0,1.0,1.0,3,0.9230769230769231,0.6153846153846154,0.6153846153846154,0.5384615384615384,0.0,0.0,0.07692307692307693,0.3076923076923077,chrome,windows,145,2,3,1.0,0.0,0.3076923076923077,Cdn-Loop|Cf-Ew-Via|Cf-Ray|Cf-Visitor|Cf-Worker|Pragma|X-Forwarded-Proto,7
skyvern,trial-007,14,9,5,1.0,0.1111111111111111,9,13.071428571428571,0.9168747682531899,0.21428571428571427,0.0,same-origin,0.0,0.42857142857142855,1.0,1.0,1.0,3,1.0,1.0,1.0,0.6428571428571429,0.0,0.0,0.0,0.0,chrome,windows,145,2,1,0.8571428571428571,0.0,0.0,,0
skyvern,trial-008,12,8,3,1.0,0.125,8,13.166666666666666,0.937436866561092,0.16666666666666666,0.08333333333333333,same-origin,0.0,0.25,1.0,1.0,1.0,3,1.0,0.9166666666666666,0.9166666666666666,0.6666666666666666,0.0,0.0,0.0,0.08333333333333333,chrome,windows,145,2,2,0.9090909090909091,0.0,0.08333333333333333,Cdn-Loop|Cf-Ew-Via|Cf-Ray|Cf-Visitor|Cf-Worker|Pragma|X-Forwarded-Proto,7
skyvern,trial-009,16,6,4,1.0,0.16666666666666666,6,11.75,2.569046515733026,0.1875,0.375,same-origin,0.125,0.375,1.0,0.9375,1.0,3,0.8125,0.625,0.625,0.4375,0.0,0.0,0.125,0.3125,chrome,windows,145,4,4,0.9,0.0,0.3125,Cdn-Loop|Cf-Ew-Via|Cf-Ray|Cf-Visitor|Cf-Worker|Pragma|X-Forwarded-Proto,7
skyvern,trial-010,17,11,2,1.0,0.09090909090909091,11,12.529411764705882,1.007326105267277,0.47058823529411764,0.23529411764705882,none,0.47058823529411764,0.47058823529411764,1.0,1.0,1.0,3,0.5294117647058824,0.6470588235294118,0.7647058823529411,0.6470588235294118,0.0,0.0,0.11764705882352941,0.23529411764705882,edge,windows,122,3,3,1.0,0.0,0.35294117647058826,Cdn-Loop|Cf-Ew-Via|Cf-Ray|Cf-Visitor|Cf-Worker|Pragma|Sec-Gpc|X-Forwarded-Proto,8
skyvern,trial-011,10,7,2,1.0,0.14285714285714285,7,12.8,3.190262963734773,0.1,0.1,same-origin,0.0,0.1,1.0,1.0,0.9,3,0.9,0.9,0.9,0.7,0.0,0.0,0.1,0.0,chrome,windows,145,3,1,0.8888888888888888,0.0,0.1,Signature|Signature-Agent|Signature-Input,3
skyvern,trial-012,10,7,1,1.0,0.14285714285714285,7,11.8,3.966526608171604,0.1,0.2,same-origin,0.0,0.0,1.0,1.0,1.0,3,0.9,0.8,0.8,0.7,0.0,0.0,0.1,0.0,chrome,windows,145,3,2,1.0,0.0,0.0,,0
skyvern,trial-013,9,7,1,1.0,0.14285714285714285,7,12.555555555555555,3.2829526005987013,0.1111111111111111,0.1111111111111111,same-origin,0.0,0.0,1.0,1.0,1.0,3,0.8888888888888888,0.8888888888888888,0.8888888888888888,0.7777777777777778,0.0,0.0,0.1111111111111111,0.0,chrome,windows,145,2,1,1.0,0.0,0.0,,0
skyvern,trial-014,8,7,1,1.0,0.14285714285714285,7,13.625,0.7440238091428449,0.125,0.0,same-origin,0.0,0.0,1.0,1.0,1.0,3,1.0,1.0,1.0,0.875,0.0,0.0,0.0,0.0,chrome,windows,145,1,1,1.0,0.0,0.0,,0
skyvern,trial-015,9,7,1,1.0,0.14285714285714285,7,12.666666666666666,2.9580398915498085,0.1111111111111111,0.1111111111111111,same-origin,0.0,0.0,1.0,1.0,1.0,3,1.0,0.8888888888888888,0.8888888888888888,0.7777777777777778,0.0,0.0,0.1111111111111111,0.0,chrome,windows,145,2,1,1.0,0.0,0.0,,0
skyvern,trial-016,8,7,1,1.0,0.14285714285714285,7,13.625,0.7440238091428449,0.125,0.0,same-origin,0.0,0.0,1.0,1.0,1.0,3,1.0,1.0,1.0,0.875,0.0,0.0,0.0,0.0,chrome,windows,145,1,1,1.0,0.0,0.0,,0
skyvern,trial-017,8,7,1,1.0,0.14285714285714285,7,13.625,0.7440238091428449,0.125,0.0,same-origin,0.0,0.0,1.0,1.0,1.0,3,1.0,1.0,1.0,0.875,0.0,0.0,0.0,0.0,chrome,windows,145,1,1,1.0,0.0,0.0,,0
skyvern,trial-018,15,9,1,1.0,0.1111111111111111,9,11.133333333333333,3.7959878568725434,0.06666666666666667,0.3333333333333333,same-origin,0.0,0.0,1.0,1.0,1.0,3,1.0,0.6666666666666666,0.6666666666666666,0.6,0.0,0.0,0.3333333333333333,0.0,chrome,windows,145,1,2,1.0,0.0,0.3333333333333333,From,1
skyvern,trial-019,18,10,1,1.0,0.1,10,10.333333333333334,4.850712500726659,0.05555555555555555,0.3888888888888889,same-origin,0.0,0.05555555555555555,1.0,0.9444444444444444,1.0,3,0.6666666666666666,0.6111111111111112,0.6111111111111112,0.5555555555555556,0.0,0.0,0.16666666666666666,0.05555555555555555,chrome,windows,145,4,3,1.0,0.0,0.1111111111111111,Amp-Cache-Transform|Cdn-Loop|Cf-Ew-Via|Cf-Ray|Cf-Visitor|Cf-Worker|From|Pragma|X-Forwarded-Proto,9
skyvern,trial-020,15,10,1,1.0,0.1,10,10.733333333333333,5.18881581132049,0.06666666666666667,0.26666666666666666,same-origin,0.0,0.0,1.0,1.0,1.0,3,0.7333333333333333,0.7333333333333333,0.7333333333333333,0.6666666666666666,0.0,0.0,0.06666666666666667,0.0,chrome,windows,145,3,2,1.0,0.0,0.0,,0
skyvern,trial-021,8,7,1,1.0,0.14285714285714285,7,13.625,0.7440238091428449,0.125,0.0,same-origin,0.0,0.0,1.0,1.0,1.0,3,1.0,1.0,1.0,0.875,0.0,0.0,0.0,0.0,chrome,windows,145,1,1,1.0,0.0,0.0,,0
skyvern,trial-022,8,7,1,1.0,0.14285714285714285,7,13.625,0.7440238091428449,0.125,0.0,same-origin,0.0,0.0,1.0,1.0,1.0,3,1.0,1.0,1.0,0.875,0.0,0.0,0.0,0.0,chrome,windows,145,1,1,1.0,0.0,0.0,,0
skyvern,trial-023,8,7,1,1.0,0.14285714285714285,7,13.625,0.7440238091428449,0.125,0.0,same-origin,0.0,0.0,1.0,1.0,1.0,3,1.0,1.0,1.0,0.875,0.0,0.0,0.0,0.0,chrome,windows,145,1,1,1.0,0.0,0.0,,0
skyvern,trial-024,8,7,1,1.0,0.14285714285714285,7,13.625,0.7440238091428449,0.125,0.0,same-origin,0.0,0.0,1.0,1.0,1.0,3,1.0,1.0,1.0,0.875,0.0,0.0,0.0,0.0,chrome,windows,145,1,1,1.0,0.0,0.0,,0
skyvern,trial-025,8,7,1,1.0,0.14285714285714285,7,13.625,0.7440238091428449,0.125,0.0,same-origin,0.0,0.0,1.0,1.0,1.0,3,1.0,1.0,1.0,0.875,0.0,0.0,0.0,0.0,chrome,windows,145,1,1,1.0,0.0,0.0,,0
skyvern,trial-026,9,7,1,1.0,0.14285714285714285,7,13.444444444444445,0.8819171036881968,0.1111111111111111,0.1111111111111111,same-origin,0.0,0.0,1.0,1.0,1.0,3,1.0,0.8888888888888888,0.8888888888888888,0.7777777777777778,0.0,0.0,0.0,0.1111111111111111,chrome,windows,145,1,2,1.0,0.0,0.1111111111111111,Cdn-Loop|Cf-Ew-Via|Cf-Ray|Cf-Visitor|Cf-Worker|Pragma|X-Forwarded-Proto,7
skyvern,trial-027,8,7,1,1.0,0.14285714285714285,7,13.625,0.7440238091428449,0.125,0.0,same-origin,0.0,0.0,1.0,1.0,1.0,3,1.0,1.0,1.0,0.875,0.0,0.0,0.0,0.0,chrome,windows,145,1,1,1.0,0.0,0.0,,0
skyvern,trial-028,11,10,1,1.0,0.1,10,13.727272727272727,0.6466697906828633,0.09090909090909091,0.0,same-origin,0.0,0.0,1.0,1.0,1.0,3,1.0,1.0,1.0,0.9090909090909091,0.0,0.0,0.0,0.0,chrome,windows,145,1,1,1.0,0.0,0.0,,0
skyvern,trial-029,17,7,1,1.0,0.14285714285714285,7,7.588235294117647,5.895536696618592,0.058823529411764705,0.5294117647058824,,0.0,0.0,1.0,1.0,1.0,0,0.47058823529411764,0.47058823529411764,0.47058823529411764,0.4117647058823529,0.0,0.0,0.0,0.0,other,other,145,1,2,1.0,0.0,0.0,,0
skyvern,trial-030,12,10,1,1.0,0.1,10,13.0,2.593698657761292,0.08333333333333333,0.08333333333333333,same-origin,0.0,0.0,1.0,1.0,1.0,3,1.0,0.9166666666666666,0.9166666666666666,0.8333333333333334,0.0,0.0,0.08333333333333333,0.0,chrome,windows,145,2,1,1.0,0.0,0.0,,0
